Date,Adj Close,Close
2005-01-03,80.97351837158203,120.30000305175781
2005-01-04,79.98404693603516,118.83000183105469
2005-01-05,79.4321060180664,118.01000213623047
2005-01-06,79.83597564697266,118.61000061035156
2005-01-07,79.7215576171875,118.44000244140625
2005-01-10,80.09847259521484,119.0
2005-01-11,79.54656982421875,118.18000030517578
2005-01-12,79.80906677246094,118.56999969482422
2005-01-13,79.16964721679688,117.62000274658203
2005-01-14,79.58694458007812,118.23999786376953
2005-01-18,80.41485595703125,119.47000122070312
2005-01-19,79.573486328125,118.22000122070312
2005-01-20,79.0888671875,117.5
2005-01-21,78.60421752929688,116.77999877929688
2005-01-24,78.44941711425781,116.55000305175781
2005-01-25,78.6715316772461,116.87999725341797
2005-01-26,78.9071273803711,117.2300033569336
2005-01-27,79.0417251586914,117.43000030517578
2005-01-28,79.0417251586914,117.43000030517578
2005-01-31,79.53311157226562,118.16000366210938
2005-02-01,80.03793334960938,118.91000366210938
2005-02-02,80.28021240234375,119.2699966430664
2005-02-03,80.07160186767578,118.95999908447266
2005-02-04,80.9264144897461,120.2300033569336
2005-02-07,80.81871795654297,120.06999969482422
2005-02-08,80.91297149658203,120.20999908447266
2005-02-09,80.30716705322266,119.30999755859375
2005-02-10,80.59661102294922,119.73999786376953
2005-02-11,81.2898941040039,120.7699966430664
2005-02-14,81.22929382324219,120.68000030517578
2005-02-15,81.53219604492188,121.12999725341797
2005-02-16,81.5860366821289,121.20999908447266
2005-02-17,80.9264144897461,120.2300033569336
2005-02-18,81.03411102294922,120.38999938964844
2005-02-22,79.8292465209961,118.5999984741211
2005-02-23,80.40139770507812,119.44999694824219
2005-02-24,80.93314361572266,120.23999786376953
2005-02-25,81.73413848876953,121.43000030517578
2005-02-28,81.19564819335938,120.62999725341797
2005-03-01,81.59950256347656,121.2300033569336
2005-03-02,81.55912017822266,121.16999816894531
2005-03-03,81.5927963256836,121.22000122070312
2005-03-04,82.6091537475586,122.7300033569336
2005-03-07,82.64952087402344,122.79000091552734
2005-03-08,82.33990478515625,122.33000183105469
2005-03-09,81.42449188232422,120.97000122070312
2005-03-10,81.60623168945312,121.23999786376953
2005-03-11,81.03411102294922,120.38999938964844
2005-03-14,81.53893280029297,121.13999938964844
2005-03-15,80.8658218383789,120.13999938964844
2005-03-16,80.17931365966797,119.12000274658203
2005-03-17,80.3408432006836,119.36000061035156
2005-03-18,80.10228729248047,118.54000091552734
2005-03-21,79.8049545288086,118.0999984741211
2005-03-22,78.99408721923828,116.9000015258789
2005-03-23,79.0616226196289,117.0
2005-03-24,79.15621948242188,117.13999938964844
2005-03-28,79.27113342285156,117.30999755859375
2005-03-29,78.7440185546875,116.52999877929688
2005-03-30,79.8590087890625,118.18000030517578
2005-03-31,79.71037292480469,117.95999908447266
2005-04-01,79.3521728515625,117.43000030517578
2005-04-04,79.48733520507812,117.62999725341797
2005-04-05,79.86575317382812,118.19000244140625
2005-04-06,80.14281463623047,118.5999984741211
2005-04-07,80.57527923583984,119.23999786376953
2005-04-08,79.73738861083984,118.0
2005-04-11,79.7981948852539,118.08999633789062
2005-04-12,80.21041107177734,118.69999694824219
2005-04-13,79.26435089111328,117.30000305175781
2005-04-14,78.23048400878906,115.7699966430664
2005-04-15,77.13577270507812,114.1500015258789
2005-04-18,77.37228393554688,114.5
2005-04-19,77.98724365234375,115.41000366210938
2005-04-20,76.89928436279297,113.80000305175781
2005-04-21,78.39264678955078,116.01000213623047
2005-04-22,78.09532165527344,115.56999969482422
2005-04-25,78.6089096069336,116.33000183105469
2005-04-26,77.84529113769531,115.19999694824219
2005-04-27,78.14940643310547,115.6500015258789
2005-04-28,77.16958618164062,114.19999694824219
2005-04-29,78.21696472167969,115.75
2005-05-02,78.65619659423828,116.4000015258789
2005-05-03,78.79135131835938,116.5999984741211
2005-05-04,79.39950561523438,117.5
2005-05-05,79.37248229980469,117.45999908447266
2005-05-06,79.12245178222656,117.08999633789062
2005-05-09,79.61573791503906,117.81999969482422
2005-05-10,78.79135131835938,116.5999984741211
2005-05-11,79.22380828857422,117.23999786376953
2005-05-12,78.35213470458984,115.94999694824219
2005-05-13,78.19670867919922,115.72000122070312
2005-05-16,78.92647552490234,116.80000305175781
2005-05-17,79.45355987548828,117.58000183105469
2005-05-18,80.27123260498047,118.79000091552734
2005-05-19,80.60907745361328,119.29000091552734
2005-05-20,80.49424743652344,119.12000274658203
2005-05-23,80.94021606445312,119.77999877929688
2005-05-24,80.7509994506836,119.5
2005-05-25,80.69015502929688,119.41000366210938
2005-05-26,81.12264251708984,120.05000305175781
2005-05-27,81.2577896118164,120.25
2005-05-31,80.73747253417969,119.4800033569336
2005-06-01,81.42670440673828,120.5
2005-06-02,81.60237884521484,120.76000213623047
2005-06-03,81.1902084350586,120.1500015258789
2005-06-06,81.11587524414062,120.04000091552734
2005-06-07,81.17671203613281,120.12999725341797
2005-06-08,81.02800750732422,119.91000366210938
2005-06-09,81.41321563720703,120.4800033569336
2005-06-10,81.22401428222656,120.19999694824219
2005-06-13,81.4808120727539,120.58000183105469
2005-06-14,81.66999816894531,120.86000061035156
2005-06-15,81.82537841796875,121.08999633789062
2005-06-16,82.03488159179688,121.4000015258789
2005-06-17,82.33887481689453,121.36000061035156
2005-06-20,82.36598205566406,121.4000015258789
2005-06-21,82.41350555419922,121.47000122070312
2005-06-22,82.48131561279297,121.56999969482422
2005-06-23,81.3211441040039,119.86000061035156
2005-06-24,80.72407531738281,118.9800033569336
2005-06-27,80.83942413330078,119.1500015258789
2005-06-28,81.5179214477539,120.1500015258789
2005-06-29,81.30081176757812,119.83000183105469
2005-06-30,80.85978698730469,119.18000030517578
2005-07-01,81.09725189208984,119.52999877929688
2005-07-05,81.74859619140625,120.48999786376953
2005-07-06,81.0633316040039,119.4800033569336
2005-07-07,81.3822021484375,119.94999694824219
2005-07-08,82.31169128417969,121.31999969482422
2005-07-11,82.73236846923828,121.94000244140625
2005-07-12,82.94950866699219,122.26000213623047
2005-07-13,83.06481170654297,122.43000030517578
2005-07-14,83.39047241210938,122.91000366210938
2005-07-15,83.34296417236328,122.83999633789062
2005-07-18,83.01054382324219,122.3499984741211
2005-07-19,83.46513366699219,123.0199966430664
2005-07-20,83.75007629394531,123.44000244140625
2005-07-21,83.26156616210938,122.72000122070312
2005-07-22,83.81790924072266,123.54000091552734
2005-07-25,83.58045959472656,123.19000244140625
2005-07-26,83.6822280883789,123.33999633789062
2005-07-27,83.98755645751953,123.79000091552734
2005-07-28,84.51673126220703,124.56999969482422
2005-07-29,83.95362091064453,123.73999786376953
2005-08-01,83.89256286621094,123.6500015258789
2005-08-02,84.39461517333984,124.38999938964844
2005-08-03,84.61851501464844,124.72000122070312
2005-08-04,83.94004821777344,123.72000122070312
2005-08-05,83.37012481689453,122.87999725341797
2005-08-08,83.21409606933594,122.6500015258789
2005-08-09,83.71610260009766,123.38999938964844
2005-08-10,83.67542266845703,123.33000183105469
2005-08-11,84.00789642333984,123.81999969482422
2005-08-12,83.49224090576172,123.05999755859375
2005-08-15,84.00789642333984,123.81999969482422
2005-08-16,82.9155502319336,122.20999908447266
2005-08-17,82.90877532958984,122.19999694824219
2005-08-18,82.90196228027344,122.19000244140625
2005-08-19,83.09193420410156,122.47000122070312
2005-08-22,83.09193420410156,122.47000122070312
2005-08-23,82.9359359741211,122.23999786376953
2005-08-24,82.19638061523438,121.1500015258789
2005-08-25,82.49490356445312,121.58999633789062
2005-08-26,81.93175506591797,120.76000213623047
2005-08-29,82.5627670288086,121.69000244140625
2005-08-30,82.12850952148438,121.05000305175781
2005-08-31,83.16658782958984,122.58000183105469
2005-09-01,83.10551452636719,122.48999786376953
2005-09-02,82.95623016357422,122.2699966430664
2005-09-06,83.92642974853516,123.69999694824219
2005-09-07,84.06892395019531,123.91000366210938
2005-09-08,83.79080200195312,123.5
2005-09-09,84.53707885742188,124.5999984741211
2005-09-12,84.3674545288086,124.3499984741211
2005-09-13,83.89936065673828,123.66000366210938
2005-09-14,83.59400939941406,123.20999908447266
2005-09-15,83.55331420898438,123.1500015258789
2005-09-16,84.14747619628906,123.5
2005-09-19,83.86808013916016,123.08999633789062
2005-09-20,83.15947723388672,122.05000305175781
2005-09-21,82.38277435302734,120.91000366210938
2005-09-22,82.67572021484375,121.33999633789062
2005-09-23,82.74383544921875,121.44000244140625
2005-09-26,82.83924102783203,121.58000183105469
2005-09-27,82.81880187988281,121.55000305175781
2005-09-28,82.90058898925781,121.66999816894531
2005-09-29,83.5750961303711,122.66000366210938
2005-09-30,83.83401489257812,123.04000091552734
2005-10-03,83.53424072265625,122.5999984741211
2005-10-04,82.59397888183594,121.22000122070312
2005-10-05,81.51061248779297,119.62999725341797
2005-10-06,81.2176513671875,119.19999694824219
2005-10-07,81.4969711303711,119.61000061035156
2005-10-10,80.80880737304688,118.5999984741211
2005-10-11,80.69297790527344,118.43000030517578
2005-10-12,80.0593032836914,117.5
2005-10-13,80.0115966796875,117.43000030517578
2005-10-14,80.85650634765625,118.66999816894531
2005-10-17,81.15629577636719,119.11000061035156
2005-10-18,80.27735900878906,117.81999969482422
2005-10-19,81.6128158569336,119.77999877929688
2005-10-20,80.17514038085938,117.66999816894531
2005-10-21,80.48858642578125,118.12999725341797
2005-10-24,81.73545837402344,119.95999908447266
2005-10-25,81.57194519042969,119.72000122070312
2005-10-26,81.33342742919922,119.37000274658203
2005-10-27,80.4681396484375,118.0999984741211
2005-10-28,81.62644958496094,119.80000305175781
2005-10-31,81.85126495361328,120.12999725341797
2005-11-01,82.09657287597656,120.48999786376953
2005-11-02,82.95509338378906,121.75
2005-11-03,83.30937194824219,122.2699966430664
2005-11-04,83.20036315917969,122.11000061035156
2005-11-07,83.2821273803711,122.2300033569336
2005-11-08,83.2821273803711,122.2300033569336
2005-11-09,83.39118194580078,122.38999938964844
2005-11-10,84.03845977783203,123.33999633789062
2005-11-11,84.32457733154297,123.76000213623047
2005-11-14,84.27693176269531,123.69000244140625
2005-11-15,83.97029113769531,123.23999786376953
2005-11-16,84.14061737060547,123.48999786376953
2005-11-17,84.92420196533203,124.63999938964844
2005-11-18,85.25804901123047,125.12999725341797
2005-11-21,85.68733215332031,125.76000213623047
2005-11-22,86.05525207519531,126.30000305175781
2005-11-23,86.55265045166016,127.02999877929688
2005-11-25,86.62078857421875,127.12999725341797
2005-11-28,86.007568359375,126.2300033569336
2005-11-29,85.91214752197266,126.08999633789062
2005-11-30,85.44883728027344,125.41000366210938
2005-12-01,86.32095336914062,126.69000244140625
2005-12-02,86.42999267578125,126.8499984741211
2005-12-05,86.24603271484375,126.58000183105469
2005-12-06,86.4095687866211,126.81999969482422
2005-12-07,85.90534210205078,126.08000183105469
2005-12-08,85.85087585449219,126.0
2005-12-09,86.07568359375,126.33000183105469
2005-12-12,86.15746307373047,126.44999694824219
2005-12-13,86.74337768554688,127.30999755859375
2005-12-14,87.0840835571289,127.80999755859375
2005-12-15,86.83200073242188,127.44000244140625
2005-12-16,86.55254364013672,126.36000061035156
2005-12-19,86.10729217529297,125.70999908447266
2005-12-20,86.18950653076172,125.83000183105469
2005-12-21,86.32648468017578,126.02999877929688
2005-12-22,86.778564453125,126.69000244140625
2005-12-23,86.82648468017578,126.76000213623047
2005-12-27,85.94290161132812,125.47000122070312
2005-12-28,86.13469696044922,125.75
2005-12-29,85.7511215209961,125.19000244140625
2005-12-30,85.28536224365234,124.51000213623047
2006-01-03,86.7853775024414,126.69999694824219
2006-01-04,87.1963882446289,127.30000305175781
2006-01-05,87.25118255615234,127.37999725341797
2006-01-06,87.97724914550781,128.44000244140625
2006-01-09,88.20331573486328,128.77000427246094
2006-01-10,88.2923355102539,128.89999389648438
2006-01-11,88.57318878173828,129.30999755859375
2006-01-12,88.22386932373047,128.8000030517578
2006-01-13,88.14161682128906,128.67999267578125
2006-01-17,87.90189361572266,128.3300018310547
2006-01-18,87.55256652832031,127.81999969482422
2006-01-19,87.88818359375,128.30999755859375
2006-01-20,86.28541564941406,125.97000122070312
2006-01-23,86.5936279296875,126.41999816894531
2006-01-24,86.68269348144531,126.55000305175781
2006-01-25,86.75801086425781,126.66000366210938
2006-01-26,87.23751068115234,127.36000061035156
2006-01-27,88.04571533203125,128.5399932861328
2006-01-30,87.97724914550781,128.44000244140625
2006-01-31,87.3333740234375,127.5
2006-02-01,87.94300079345703,128.38999938964844
2006-02-02,86.92242431640625,126.9000015258789
2006-02-03,86.49085235595703,126.2699966430664
2006-02-06,86.71691131591797,126.5999984741211
2006-02-07,85.94976043701172,125.4800033569336
2006-02-08,86.73060607910156,126.62000274658203
2006-02-09,86.58678436279297,126.41000366210938
2006-02-10,86.74430847167969,126.63999938964844
2006-02-13,86.58678436279297,126.41000366210938
2006-02-14,87.50464630126953,127.75
2006-02-15,87.8128662109375,128.1999969482422
2006-02-16,88.47046661376953,129.16000366210938
2006-02-17,88.2306900024414,128.80999755859375
2006-02-21,88.01150512695312,128.49000549316406
2006-02-22,88.5457763671875,129.27000427246094
2006-02-23,88.4156723022461,129.0800018310547
2006-02-24,88.64169311523438,129.41000366210938
2006-02-27,88.67594146728516,129.4600067138672
2006-02-28,87.83343505859375,128.22999572753906
2006-03-01,88.61425018310547,129.3699951171875
2006-03-02,88.6073989868164,129.36000061035156
2006-03-03,88.19641876220703,128.75999450683594
2006-03-06,87.79231262207031,128.1699981689453
2006-03-07,87.65531921386719,127.97000122070312
2006-03-08,87.84026336669922,128.24000549316406
2006-03-09,87.25118255615234,127.37999725341797
2006-03-10,88.07999420166016,128.58999633789062
2006-03-13,88.24437713623047,128.8300018310547
2006-03-14,89.16912078857422,130.17999267578125
2006-03-15,89.56635284423828,130.75999450683594
2006-03-16,89.75132751464844,131.02999877929688
2006-03-17,89.82626342773438,130.6199951171875
2006-03-20,89.68185424804688,130.41000366210938
2006-03-21,89.11795806884766,129.58999633789062
2006-03-22,89.66123962402344,130.3800048828125
2006-03-23,89.47554779052734,130.11000061035156
2006-03-24,89.54429626464844,130.2100067138672
2006-03-27,89.41365814208984,130.02000427246094
2006-03-28,88.86347961425781,129.22000122070312
2006-03-29,89.4205551147461,130.02999877929688
2006-03-30,89.26240539550781,129.8000030517578
2006-03-31,89.28301239013672,129.8300018310547
2006-04-03,89.21427917480469,129.72999572753906
2006-04-04,89.7850341796875,130.55999755859375
2006-04-05,90.09449005126953,131.00999450683594
2006-04-06,89.99819946289062,130.8699951171875
2006-04-07,89.08358764648438,129.5399932861328
2006-04-10,89.22113800048828,129.74000549316406
2006-04-11,88.46464538574219,128.63999938964844
2006-04-12,88.62969970703125,128.8800048828125
2006-04-13,88.51277160644531,128.7100067138672
2006-04-17,88.47840881347656,128.66000366210938
2006-04-18,89.88130950927734,130.6999969482422
2006-04-19,90.05323791503906,130.9499969482422
2006-04-20,90.177001953125,131.1300048828125
2006-04-21,90.19076538085938,131.14999389648438
2006-04-24,90.02571105957031,130.91000366210938
2006-04-25,89.65434265136719,130.3699951171875
2006-04-26,89.67498016357422,130.39999389648438
2006-04-27,90.1082534790039,131.02999877929688
2006-04-28,90.41085815429688,131.47000122070312
2006-05-01,89.67498016357422,130.39999389648438
2006-05-02,90.34896087646484,131.3800048828125
2006-05-03,90.01194763183594,130.88999938964844
2006-05-04,90.33519744873047,131.36000061035156
2006-05-05,91.13288879394531,132.52000427246094
2006-05-08,91.02286529541016,132.36000061035156
2006-05-09,91.2016830444336,132.6199951171875
2006-05-10,91.15352630615234,132.5500030517578
2006-05-11,90.05323791503906,130.9499969482422
2006-05-12,88.87724304199219,129.24000549316406
2006-05-15,89.05606079101562,129.5
2006-05-16,88.92542266845703,129.30999755859375
2006-05-17,87.23368072509766,126.8499984741211
2006-05-18,86.79356384277344,126.20999908447266
2006-05-19,87.4056167602539,127.0999984741211
2006-05-22,86.73853302001953,126.12999725341797
2006-05-23,86.07836151123047,125.16999816894531
2006-05-24,86.76605987548828,126.16999816894531
2006-05-25,87.83883666992188,127.7300033569336
2006-05-26,88.28585815429688,128.3800048828125
2006-05-30,86.71792602539062,126.0999984741211
2006-05-31,87.68757629394531,127.51000213623047
2006-06-01,88.52653503417969,128.72999572753906
2006-06-02,88.71222686767578,129.0
2006-06-05,87.41937255859375,127.12000274658203
2006-06-06,87.2061538696289,126.80999755859375
2006-06-07,86.55286407470703,125.86000061035156
2006-06-08,86.47721862792969,125.75
2006-06-09,86.20215606689453,125.3499984741211
2006-06-12,85.26690673828125,123.98999786376953
2006-06-13,84.27660369873047,122.55000305175781
2006-06-14,84.92992401123047,123.5
2006-06-15,86.73165893554688,126.12000274658203
2006-06-16,86.09963989257812,124.6500015258789
2006-06-19,85.42272186279297,123.66999816894531
2006-06-20,85.71286010742188,124.08999633789062
2006-06-21,86.34830474853516,125.01000213623047
2006-06-22,85.96839904785156,124.45999908447266
2006-06-23,85.95460510253906,124.44000244140625
2006-06-26,86.33448791503906,124.98999786376953
2006-06-27,85.58848571777344,123.91000366210938
2006-06-28,86.1687240600586,124.75
2006-06-29,87.90934753417969,127.2699966430664
2006-06-30,87.91627502441406,127.27999877929688
2006-07-03,88.27544403076172,127.80000305175781
2006-07-05,87.77120971679688,127.06999969482422
2006-07-06,88.02682495117188,127.44000244140625
2006-07-07,87.45349884033203,126.61000061035156
2006-07-10,87.61927032470703,126.8499984741211
2006-07-11,88.00606536865234,127.41000366210938
2006-07-12,87.06668853759766,126.05000305175781
2006-07-13,85.65068054199219,124.0
2006-07-14,85.31912994384766,123.5199966430664
2006-07-17,85.19479370117188,123.33999633789062
2006-07-18,85.62996673583984,123.97000122070312
2006-07-19,86.81802368164062,125.69000244140625
2006-07-20,86.22398376464844,124.83000183105469
2006-07-21,85.61614990234375,123.94999694824219
2006-07-24,87.17716979980469,126.20999908447266
2006-07-25,87.4880142211914,126.66000366210938
2006-07-26,87.60543823242188,126.83000183105469
2006-07-27,87.52257537841797,126.70999908447266
2006-07-28,88.39979553222656,127.9800033569336
2006-07-31,88.31001281738281,127.8499984741211
2006-08-01,87.87483978271484,127.22000122070312
2006-08-02,88.46883392333984,128.0800018310547
2006-08-03,88.70369720458984,128.4199981689453
2006-08-04,88.5517349243164,128.1999969482422
2006-08-07,88.34454345703125,127.9000015258789
2006-08-08,88.00606536865234,127.41000366210938
2006-08-09,87.70905303955078,126.9800033569336
2006-08-10,87.97843170166016,127.37000274658203
2006-08-11,87.7297592163086,127.01000213623047
2006-08-14,87.79887390136719,127.11000061035156
2006-08-15,88.84874725341797,128.6300048828125
2006-08-16,89.58784484863281,129.6999969482422
2006-08-17,89.8157958984375,130.02999877929688
2006-08-18,90.27168273925781,130.69000244140625
2006-08-21,89.8848648071289,130.1300048828125
2006-08-22,89.87793731689453,130.1199951171875
2006-08-23,89.62926483154297,129.75999450683594
2006-08-24,89.55330657958984,129.64999389648438
2006-08-25,89.66382598876953,129.80999755859375
2006-08-28,90.09207153320312,130.42999267578125
2006-08-29,90.19567108154297,130.5800018310547
2006-08-30,90.25096130371094,130.66000366210938
2006-08-31,90.23712921142578,130.63999938964844
2006-09-01,90.7758560180664,131.4199981689453
2006-09-05,90.94860076904297,131.6699981689453
2006-09-06,90.1473159790039,130.50999450683594
2006-09-07,89.7328872680664,129.91000366210938
2006-09-08,89.98843383789062,130.27999877929688
2006-09-11,90.07825469970703,130.41000366210938
2006-09-12,90.96240997314453,131.69000244140625
2006-09-13,91.32847595214844,132.22000122070312
2006-09-14,91.33538818359375,132.22999572753906
2006-09-15,91.5498046875,131.9600067138672
2006-09-18,91.67461395263672,132.13999938964844
2006-09-19,91.44570922851562,131.80999755859375
2006-09-20,91.93132019042969,132.50999450683594
2006-09-21,91.48731994628906,131.8699951171875
2006-09-22,91.20985412597656,131.47000122070312
2006-09-25,91.9105453491211,132.47999572753906
2006-09-26,92.67365264892578,133.5800018310547
2006-09-27,92.78467559814453,133.74000549316406
2006-09-28,92.7499771118164,133.69000244140625
2006-09-29,92.67365264892578,133.5800018310547
2006-10-02,92.32678985595703,133.0800018310547
2006-10-03,92.52103424072266,133.36000061035156
2006-10-04,93.60331726074219,134.9199981689453
2006-10-05,93.78367614746094,135.17999267578125
2006-10-06,93.6657943725586,135.00999450683594
2006-10-09,93.72126007080078,135.08999633789062
2006-10-10,93.84616088867188,135.27000427246094
2006-10-11,93.73511505126953,135.11000061035156
2006-10-12,94.54685974121094,136.27999877929688
2006-10-13,94.7896957397461,136.6300048828125
2006-10-16,94.93535614013672,136.83999633789062
2006-10-17,94.6370620727539,136.41000366210938
2006-10-18,94.76193237304688,136.58999633789062
2006-10-19,94.9145278930664,136.80999755859375
2006-10-20,94.93535614013672,136.83999633789062
2006-10-23,95.37240600585938,137.47000122070312
2006-10-24,95.65689849853516,137.8800048828125
2006-10-25,95.98294830322266,138.35000610351562
2006-10-26,96.2812728881836,138.77999877929688
2006-10-27,95.67769622802734,137.91000366210938
2006-10-30,95.60832977294922,137.80999755859375
2006-10-31,95.59442138671875,137.7899932861328
2006-11-01,94.94922637939453,136.86000061035156
2006-11-02,94.89374542236328,136.77999877929688
2006-11-03,94.72724151611328,136.5399932861328
2006-11-06,95.79563903808594,138.0800018310547
2006-11-07,96.16332244873047,138.61000061035156
2006-11-08,96.37145233154297,138.91000366210938
2006-11-09,95.86495971679688,138.17999267578125
2006-11-10,95.90665435791016,138.24000549316406
2006-11-13,96.14251708984375,138.5800018310547
2006-11-14,96.8640365600586,139.6199951171875
2006-11-15,97.14156341552734,140.02000427246094
2006-11-16,97.39132690429688,140.3800048828125
2006-11-17,97.41905975341797,140.4199981689453
2006-11-20,97.4745101928711,140.5
2006-11-21,97.57168579101562,140.63999938964844
2006-11-22,97.76589965820312,140.9199981689453
2006-11-24,97.37046813964844,140.35000610351562
2006-11-27,96.03157043457031,138.4199981689453
2006-11-28,96.44779205322266,139.02000427246094
2006-11-29,97.45374298095703,140.47000122070312
2006-11-30,97.49537658691406,140.52999877929688
2006-12-01,97.28033447265625,140.22000122070312
2006-12-04,98.02265167236328,141.2899932861328
2006-12-05,98.4458236694336,141.89999389648438
2006-12-06,98.36256408691406,141.77999877929688
2006-12-07,97.9324722290039,141.16000366210938
2006-12-08,98.11280822753906,141.4199981689453
2006-12-11,98.39729309082031,141.8300018310547
2006-12-12,98.3209457397461,141.72000122070312
2006-12-13,98.425048828125,141.8699951171875
2006-12-14,99.29218292236328,143.1199951171875
2006-12-15,99.30126953125,142.33999633789062
2006-12-18,99.02920532226562,141.9499969482422
2006-12-19,99.21758270263672,142.22000122070312
2006-12-20,99.16173553466797,142.13999938964844
2006-12-21,98.79896545410156,141.6199951171875
2006-12-22,98.19205474853516,140.75
2006-12-26,98.77108001708984,141.5800018310547
2006-12-27,99.41989135742188,142.50999450683594
2006-12-28,99.21062469482422,142.2100067138672
2006-12-29,98.79896545410156,141.6199951171875
2007-01-03,98.62464904785156,141.3699951171875
2007-01-04,98.8338851928711,141.6699981689453
2007-01-05,98.04559326171875,140.5399932861328
2007-01-08,98.4990234375,141.19000244140625
2007-01-09,98.41527557373047,141.07000732421875
2007-01-10,98.74319458007812,141.5399932861328
2007-01-11,99.17576599121094,142.16000366210938
2007-01-12,99.92916870117188,143.24000549316406
2007-01-16,99.73379516601562,142.9600067138672
2007-01-17,99.77568817138672,143.02000427246094
2007-01-18,99.4408187866211,142.5399932861328
2007-01-19,99.63619232177734,142.82000732421875
2007-01-22,99.32923126220703,142.3800048828125
2007-01-23,99.62222290039062,142.8000030517578
2007-01-24,100.42448425292969,143.9499969482422
2007-01-25,99.2455062866211,142.25999450683594
2007-01-26,99.15480041503906,142.1300048828125
2007-01-29,99.09898376464844,142.0500030517578
2007-01-30,99.615234375,142.7899932861328
2007-01-31,100.28497314453125,143.75
2007-02-01,100.88491821289062,144.61000061035156
2007-02-02,101.02445220947266,144.80999755859375
2007-02-05,101.0523910522461,144.85000610351562
2007-02-06,101.08023834228516,144.88999938964844
2007-02-07,101.30351257324219,145.2100067138672
2007-02-08,101.17094421386719,145.02000427246094
2007-02-09,100.41748809814453,143.94000244140625
2007-02-12,100.07562255859375,143.4499969482422
2007-02-13,100.91979217529297,144.66000366210938
2007-02-14,101.58252716064453,145.61000061035156
2007-02-15,101.71511840820312,145.8000030517578
2007-02-16,101.66626739501953,145.72999572753906
2007-02-20,101.88252258300781,146.0399932861328
2007-02-21,101.84066772460938,145.97999572753906
2007-02-22,101.76393127441406,145.8699951171875
2007-02-23,101.3663101196289,145.3000030517578
2007-02-26,101.275634765625,145.1699981689453
2007-02-27,97.32005310058594,139.5
2007-02-28,98.3176498413086,140.92999267578125
2007-03-01,98.02460479736328,140.50999450683594
2007-03-02,96.74097442626953,138.6699981689453
2007-03-05,95.82012939453125,137.35000610351562
2007-03-06,97.45952606201172,139.6999969482422
2007-03-07,97.36187744140625,139.55999755859375
2007-03-08,98.18511962890625,140.74000549316406
2007-03-09,98.21295928955078,140.77999877929688
2007-03-12,98.35948181152344,140.99000549316406
2007-03-13,96.44799041748047,138.25
2007-03-14,97.1665267944336,139.27999877929688
2007-03-15,97.29906463623047,139.47000122070312
2007-03-16,97.02665710449219,138.52999877929688
2007-03-19,98.19627380371094,140.1999969482422
2007-03-20,98.73558044433594,140.97000122070312
2007-03-21,100.36054992675781,143.2899932861328
2007-03-22,100.28353118896484,143.17999267578125
2007-03-23,100.4305419921875,143.38999938964844
2007-03-26,100.29747009277344,143.1999969482422
2007-03-27,100.05937957763672,142.86000061035156
2007-03-28,99.33100891113281,141.82000732421875
2007-03-29,99.43602752685547,141.97000122070312
2007-03-30,99.4570083618164,142.0
2007-04-02,99.5691146850586,142.16000366210938
2007-04-03,100.6407241821289,143.69000244140625
2007-04-04,100.75275421142578,143.85000610351562
2007-04-05,101.02594757080078,144.24000549316406
2007-04-09,101.16598510742188,144.44000244140625
2007-04-10,101.28506469726562,144.61000061035156
2007-04-11,100.87185668945312,144.02000427246094
2007-04-12,101.320068359375,144.66000366210938
2007-04-13,101.78233337402344,145.32000732421875
2007-04-16,102.74893188476562,146.6999969482422
2007-04-17,103.02206420898438,147.08999633789062
2007-04-18,103.14810180664062,147.27000427246094
2007-04-19,103.12013244628906,147.22999572753906
2007-04-20,104.09368896484375,148.6199951171875
2007-04-23,103.7014389038086,148.05999755859375
2007-04-24,103.7435073852539,148.1199951171875
2007-04-25,104.696044921875,149.47999572753906
2007-04-26,104.8150863647461,149.64999389648438
2007-04-27,104.73109436035156,149.52999877929688
2007-04-30,103.86251068115234,148.2899932861328
2007-05-01,104.128662109375,148.6699981689453
2007-05-02,104.73809051513672,149.5399932861328
2007-05-03,105.30538940429688,150.35000610351562
2007-05-04,105.70455169677734,150.9199981689453
2007-05-07,105.72559356689453,150.9499969482422
2007-05-08,105.58554077148438,150.75
2007-05-09,105.87269592285156,151.16000366210938
2007-05-10,104.76605224609375,149.5800018310547
2007-05-11,105.6625747680664,150.86000061035156
2007-05-14,105.43146514892578,150.52999877929688
2007-05-15,105.45946502685547,150.57000732421875
2007-05-16,106.18090057373047,151.60000610351562
2007-05-17,105.97075653076172,151.3000030517578
2007-05-18,106.89530944824219,152.6199951171875
2007-05-21,106.83928680419922,152.5399932861328
2007-05-22,106.75518798828125,152.4199981689453
2007-05-23,106.76922607421875,152.44000244140625
2007-05-24,105.80264282226562,151.05999755859375
2007-05-25,106.2439193725586,151.69000244140625
2007-05-29,106.62913513183594,152.24000549316406
2007-05-30,107.49764251708984,153.47999572753906
2007-05-31,107.38552856445312,153.32000732421875
2007-06-01,107.91792297363281,154.0800018310547
2007-06-04,107.93184661865234,154.10000610351562
2007-06-05,107.50464630126953,153.49000549316406
2007-06-06,106.34893035888672,151.83999633789062
2007-06-07,104.42990112304688,149.10000610351562
2007-06-08,105.78865814208984,151.0399932861328
2007-06-11,105.97075653076172,151.3000030517578
2007-06-12,104.8150863647461,149.64999389648438
2007-06-13,106.38398742675781,151.88999938964844
2007-06-14,107.06333923339844,152.86000061035156
2007-06-15,107.67249298095703,153.07000732421875
2007-06-18,107.54589080810547,152.88999938964844
2007-06-19,107.81328582763672,153.27000427246094
2007-06-20,106.31490325927734,151.13999938964844
2007-06-21,106.90582275390625,151.97999572753906
2007-06-22,105.89990234375,150.5500030517578
2007-06-25,105.39344787597656,149.8300018310547
2007-06-26,104.31017303466797,148.2899932861328
2007-06-27,105.79440307617188,150.39999389648438
2007-06-28,105.78034973144531,150.3800048828125
2007-06-29,105.81551361083984,150.42999267578125
2007-07-02,106.77216339111328,151.7899932861328
2007-07-03,107.15904235839844,152.33999633789062
2007-07-05,107.04649353027344,152.17999267578125
2007-07-06,107.6092300415039,152.97999572753906
2007-07-09,107.693603515625,153.10000610351562
2007-07-10,106.16014862060547,150.9199981689453
2007-07-11,106.91287231445312,151.99000549316406
2007-07-12,108.60104370117188,154.38999938964844
2007-07-13,108.92465209960938,154.85000610351562
2007-07-16,108.91058349609375,154.8300018310547
2007-07-17,108.85430908203125,154.75
2007-07-18,108.65734100341797,154.47000122070312
2007-07-19,109.0793685913086,155.07000732421875
2007-07-20,107.97501373291016,153.5
2007-07-23,108.30564880371094,153.97000122070312
2007-07-24,106.427490234375,151.3000030517578
2007-07-25,106.64554595947266,151.61000061035156
2007-07-26,104.12028503417969,148.02000427246094
2007-07-27,102.0733413696289,145.11000061035156
2007-07-30,103.67013549804688,147.3800048828125
2007-07-31,102.50243377685547,145.72000122070312
2007-08-01,103.00181579589844,146.42999267578125
2007-08-02,103.82487487792969,147.60000610351562
2007-08-03,101.15185546875,143.8000030517578
2007-08-06,102.84712219238281,146.2100067138672
2007-08-07,103.94442749023438,147.77000427246094
2007-08-08,105.39344787597656,149.8300018310547
2007-08-09,102.270263671875,145.38999938964844
2007-08-10,101.79200744628906,144.7100067138672
2007-08-13,102.15773010253906,145.22999572753906
2007-08-14,100.59609985351562,143.00999450683594
2007-08-15,99.21036529541016,141.0399932861328
2007-08-16,99.95602416992188,142.10000610351562
2007-08-17,101.79200744628906,144.7100067138672
2007-08-20,101.74272918701172,144.63999938964844
2007-08-21,101.94671630859375,144.92999267578125
2007-08-22,103.1565933227539,146.64999389648438
2007-08-23,103.06510925292969,146.52000427246094
2007-08-24,104.33832550048828,148.3300018310547
2007-08-27,103.36761474609375,146.9499969482422
2007-08-28,101.09557342529297,143.72000122070312
2007-08-29,103.07919311523438,146.5399932861328
2007-08-30,102.80487060546875,146.14999389648438
2007-08-31,103.81779479980469,147.58999633789062
2007-09-04,104.86589050292969,149.0800018310547
2007-09-05,103.95844268798828,147.7899932861328
2007-09-06,104.19761657714844,148.1300048828125
2007-09-07,102.74859619140625,146.07000732421875
2007-09-10,102.55166625976562,145.7899932861328
2007-09-11,103.7474365234375,147.49000549316406
2007-09-12,104.01475524902344,147.8699951171875
2007-09-13,104.74634552001953,148.91000366210938
2007-09-14,104.73928833007812,148.89999389648438
2007-09-17,104.17657470703125,148.10000610351562
2007-09-18,107.24347686767578,152.4600067138672
2007-09-19,107.87655639648438,153.36000061035156
2007-09-20,107.1168212890625,152.27999877929688
2007-09-21,107.40594482421875,151.97000122070312
2007-09-24,107.20803833007812,151.69000244140625
2007-09-25,106.99600982666016,151.38999938964844
2007-09-26,107.5614013671875,152.19000244140625
2007-09-27,108.19747924804688,153.08999633789062
2007-09-28,107.83702087402344,152.5800018310547
2007-10-01,109.05267333984375,154.3000030517578
2007-10-02,108.90422821044922,154.08999633789062
2007-10-03,108.68514251708984,153.77999877929688
2007-10-04,108.85475158691406,154.02000427246094
2007-10-05,110.14815521240234,155.85000610351562
2007-10-08,109.5615005493164,155.02000427246094
2007-10-09,110.5933837890625,156.47999572753906
2007-10-10,110.40961456298828,156.22000122070312
2007-10-11,109.87957000732422,155.47000122070312
2007-10-12,110.48736572265625,156.3300018310547
2007-10-15,109.55448150634766,155.00999450683594
2007-10-16,108.68514251708984,153.77999877929688
2007-10-17,109.01725769042969,154.25
2007-10-18,108.62146759033203,153.69000244140625
2007-10-19,105.78040313720703,149.6699981689453
2007-10-22,106.39524841308594,150.5399932861328
2007-10-23,107.25748443603516,151.75999450683594
2007-10-24,107.05957794189453,151.47999572753906
2007-10-25,107.3139877319336,151.83999633789062
2007-10-26,108.57201385498047,153.6199951171875
2007-10-29,108.9324722290039,154.1300048828125
2007-10-30,108.1762466430664,153.05999755859375
2007-10-31,109.30005645751953,154.64999389648438
2007-11-01,106.74158477783203,151.02999877929688
2007-11-02,106.86173248291016,151.1999969482422
2007-11-05,106.04894256591797,150.0500030517578
2007-11-06,107.47660064697266,152.07000732421875
2007-11-07,104.5364761352539,147.91000366210938
2007-11-08,104.00645446777344,147.16000366210938
2007-11-09,102.57876586914062,145.13999938964844
2007-11-12,101.56101989746094,143.6999969482422
2007-11-13,104.6565933227539,148.0800018310547
2007-11-14,104.36687469482422,147.6699981689453
2007-11-15,102.86141967773438,145.5399932861328
2007-11-16,103.03816986083984,145.7899932861328
2007-11-19,101.60340118408203,143.75999450683594
2007-11-20,102.22539520263672,144.63999938964844
2007-11-21,100.13339233398438,141.67999267578125
2007-11-23,101.86494445800781,144.1300048828125
2007-11-26,99.6174545288086,140.9499969482422
2007-11-27,100.76239013671875,142.57000732421875
2007-11-28,103.9852294921875,147.1300048828125
2007-11-29,104.02057647705078,147.17999267578125
2007-11-30,105.0665512084961,148.66000366210938
2007-12-03,104.37396240234375,147.67999267578125
2007-12-04,103.44097137451172,146.36000061035156
2007-12-05,105.17254638671875,148.80999755859375
2007-12-06,106.67792510986328,150.94000244140625
2007-12-07,106.65670013427734,150.91000366210938
2007-12-10,107.483642578125,152.0800018310547
2007-12-11,104.5364761352539,147.91000366210938
2007-12-12,105.56829833984375,149.3699951171875
2007-12-13,105.3492202758789,149.05999755859375
2007-12-14,104.01348114013672,147.1699981689453
2007-12-17,102.52930450439453,145.07000732421875
2007-12-18,103.10171508789062,145.8800048828125
2007-12-19,103.10171508789062,145.8800048828125
2007-12-20,103.75200653076172,146.8000030517578
2007-12-21,105.2475814819336,148.1300048828125
2007-12-24,106.0291748046875,149.22999572753906
2007-12-26,106.2565689086914,149.5500030517578
2007-12-27,104.92076110839844,147.6699981689453
2007-12-28,104.65788269042969,147.3000030517578
2007-12-31,103.8833999633789,146.2100067138672
2008-01-02,102.97396087646484,144.92999267578125
2008-01-03,102.92423248291016,144.86000061035156
2008-01-04,100.40190124511719,141.30999755859375
2008-01-07,100.31663513183594,141.19000244140625
2008-01-08,98.69671630859375,138.91000366210938
2008-01-09,99.73405456542969,140.3699951171875
2008-01-10,100.3876953125,141.2899932861328
2008-01-11,99.5777359008789,140.14999389648438
2008-01-14,100.38059997558594,141.27999877929688
2008-01-15,98.17096710205078,138.1699981689453
2008-01-16,97.32540893554688,136.97999572753906
2008-01-17,94.80310821533203,133.42999267578125
2008-01-18,93.82972717285156,132.05999755859375
2008-01-22,92.87763977050781,130.72000122070312
2008-01-23,95.10863494873047,133.86000061035156
2008-01-24,95.91154479980469,134.99000549316406
2008-01-25,94.5260238647461,133.0399932861328
2008-01-28,96.08916473388672,135.24000549316406
2008-01-29,96.56517791748047,135.91000366210938
2008-01-30,95.85467529296875,134.91000366210938
2008-01-31,97.6025390625,137.3699951171875
2008-02-01,99.17279815673828,139.5800018310547
2008-02-04,97.92227935791016,137.82000732421875
2008-02-05,95.30050659179688,134.1300048828125
2008-02-06,94.53314208984375,133.0500030517578
2008-02-07,95.15833282470703,133.92999267578125
2008-02-08,94.54736328125,133.07000732421875
2008-02-11,95.0304946899414,133.75
2008-02-12,95.91154479980469,134.99000549316406
2008-02-13,96.89202117919922,136.3699951171875
2008-02-14,96.03939819335938,135.1699981689453
2008-02-15,96.01811981201172,135.13999938964844
2008-02-19,96.28807830810547,135.52000427246094
2008-02-20,96.57230377197266,135.9199981689453
2008-02-21,95.76939392089844,134.7899932861328
2008-02-22,96.359130859375,135.6199951171875
2008-02-25,97.57412719726562,137.3300018310547
2008-02-26,98.30587005615234,138.36000061035156
2008-02-27,98.20645141601562,138.22000122070312
2008-02-28,97.24728393554688,136.8699951171875
2008-02-29,95.08021545410156,133.82000732421875
2008-03-03,94.85283660888672,133.5
2008-03-04,94.49052429199219,132.99000549316406
2008-03-05,95.08735656738281,133.8300018310547
2008-03-06,93.11920928955078,131.05999755859375
2008-03-07,92.16007995605469,129.7100067138672
2008-03-10,90.945068359375,128.0
2008-03-11,94.21336364746094,132.60000610351562
2008-03-12,93.33235168457031,131.36000061035156
2008-03-13,93.53841400146484,131.64999389648438
2008-03-14,92.08899688720703,129.61000061035156
2008-03-17,91.15821838378906,128.3000030517578
2008-03-18,94.94522094726562,133.6300048828125
2008-03-19,92.59345245361328,130.32000732421875
2008-03-20,94.30851745605469,132.0800018310547
2008-03-24,96.19355773925781,134.72000122070312
2008-03-25,96.28636932373047,134.85000610351562
2008-03-26,95.10822296142578,133.1999969482422
2008-03-27,94.8083724975586,132.77999877929688
2008-03-28,93.90151977539062,131.50999450683594
2008-03-31,94.2299575805664,131.97000122070312
2008-04-01,97.54309844970703,136.61000061035156
2008-04-02,97.60733795166016,136.6999969482422
2008-04-03,97.85009765625,137.0399932861328
2008-04-04,97.74300384521484,136.88999938964844
2008-04-07,97.79299926757812,136.9600067138672
2008-04-08,97.69300842285156,136.82000732421875
2008-04-09,96.98611450195312,135.8300018310547
2008-04-10,97.12178802490234,136.02000427246094
2008-04-11,95.23674011230469,133.3800048828125
2008-04-14,94.91546630859375,132.92999267578125
2008-04-15,95.13677978515625,133.24000549316406
2008-04-16,97.71446990966797,136.85000610351562
2008-04-17,97.8572006225586,137.0500030517578
2008-04-18,98.87831115722656,138.47999572753906
2008-04-21,98.92829895019531,138.5500030517578
2008-04-22,98.49275207519531,137.94000244140625
2008-04-23,98.33564758300781,137.72000122070312
2008-04-24,98.7640151977539,138.32000732421875
2008-04-25,99.67803192138672,139.60000610351562
2008-04-28,99.69942474365234,139.6300048828125
2008-04-29,99.30670928955078,139.0800018310547
2008-04-30,98.72125244140625,138.25999450683594
2008-05-01,100.76331329345703,141.1199951171875
2008-05-02,101.04176330566406,141.50999450683594
2008-05-05,100.55624389648438,140.8300018310547
2008-05-06,101.4273681640625,142.0500030517578
2008-05-07,99.62091064453125,139.52000427246094
2008-05-08,99.36384582519531,139.16000366210938
2008-05-09,99.17818450927734,138.89999389648438
2008-05-12,100.29209899902344,140.4600067138672
2008-05-13,100.30635833740234,140.47999572753906
2008-05-14,100.51342010498047,140.77000427246094
2008-05-15,101.7701187133789,142.52999877929688
2008-05-16,101.86293029785156,142.66000366210938
2008-05-19,102.14141082763672,143.0500030517578
2008-05-20,101.31314086914062,141.88999938964844
2008-05-21,99.59943389892578,139.49000549316406
2008-05-22,99.61377716064453,139.50999450683594
2008-05-23,98.27848815917969,137.63999938964844
2008-05-27,99.00685119628906,138.66000366210938
2008-05-28,99.46378326416016,139.3000030517578
2008-05-29,99.963623046875,140.0
2008-05-30,100.2135009765625,140.35000610351562
2008-06-02,99.17818450927734,138.89999389648438
2008-06-03,98.59983825683594,138.08999633789062
2008-06-04,98.5498275756836,138.02000427246094
2008-06-05,100.52056121826172,140.77999877929688
2008-06-06,97.31459045410156,136.2899932861328
2008-06-09,97.55018615722656,136.6199951171875
2008-06-10,97.0646743774414,135.94000244140625
2008-06-11,95.63661193847656,133.94000244140625
2008-06-12,96.00074005126953,134.4499969482422
2008-06-13,97.214599609375,136.14999389648438
2008-06-16,97.271728515625,136.22999572753906
2008-06-17,96.80048370361328,135.57000732421875
2008-06-18,95.85795593261719,134.25
2008-06-19,95.97936248779297,134.4199981689453
2008-06-20,94.42145538330078,131.5800018310547
2008-06-23,94.32816314697266,131.4499969482422
2008-06-24,94.14154815673828,131.19000244140625
2008-06-25,94.58650207519531,131.80999755859375
2008-06-26,92.01748657226562,128.22999572753906
2008-06-27,91.51519012451172,127.52999877929688
2008-06-30,91.83810424804688,127.9800033569336
2008-07-01,92.12516021728516,128.3800048828125
2008-07-02,90.54644012451172,126.18000030517578
2008-07-03,90.63971710205078,126.30999755859375
2008-07-07,89.71402740478516,125.0199966430664
2008-07-08,91.30711364746094,127.23999786376953
2008-07-09,89.5489501953125,124.79000091552734
2008-07-10,89.91490173339844,125.30000305175781
2008-07-11,88.86726379394531,123.83999633789062
2008-07-14,88.06356811523438,122.72000122070312
2008-07-15,86.82207489013672,120.98999786376953
2008-07-16,88.953369140625,123.95999908447266
2008-07-17,89.84317779541016,125.19999694824219
2008-07-18,90.40291595458984,125.9800033569336
2008-07-21,90.45313262939453,126.05000305175781
2008-07-22,91.47931671142578,127.4800033569336
2008-07-23,91.97443389892578,128.1699981689453
2008-07-24,90.06563568115234,125.51000213623047
2008-07-25,90.04412078857422,125.4800033569336
2008-07-28,88.7237319946289,123.63999938964844
2008-07-29,90.6181640625,126.27999877929688
2008-07-30,92.23275756835938,128.52999877929688
2008-07-31,91.01286315917969,126.83000183105469
2008-08-01,90.53206634521484,126.16000366210938
2008-08-04,89.6924819946289,124.98999786376953
2008-08-05,92.11079406738281,128.36000061035156
2008-08-06,92.51981353759766,128.92999267578125
2008-08-07,91.14202880859375,127.01000213623047
2008-08-08,92.83556365966797,129.3699951171875
2008-08-11,93.7971420288086,130.7100067138672
2008-08-12,92.82119750976562,129.35000610351562
2008-08-13,92.26148223876953,128.57000732421875
2008-08-14,92.95755767822266,129.5399932861328
2008-08-15,93.40962219238281,130.1699981689453
2008-08-18,92.13233184814453,128.38999938964844
2008-08-19,91.12767791748047,126.98999786376953
2008-08-20,91.5510482788086,127.58000183105469
2008-08-21,91.70893859863281,127.80000305175781
2008-08-22,93.0364990234375,129.64999389648438
2008-08-25,91.14920806884766,127.0199966430664
2008-08-26,91.41471862792969,127.38999938964844
2008-08-27,92.3045425415039,128.6300048828125
2008-08-28,93.42399597167969,130.19000244140625
2008-08-29,92.41936492919922,128.7899932861328
2008-09-02,91.84524536132812,127.98999786376953
2008-09-03,91.76631927490234,127.87999725341797
2008-09-04,89.00357818603516,124.02999877929688
2008-09-05,89.28345489501953,124.41999816894531
2008-09-08,91.12767791748047,126.98999786376953
2008-09-09,88.42233276367188,123.22000122070312
2008-09-10,88.78112030029297,123.72000122070312
2008-09-11,90.06563568115234,125.51000213623047
2008-09-12,90.48184967041016,126.08999633789062
2008-09-15,86.17623901367188,120.08999633789062
2008-09-16,87.61860656738281,122.0999984741211
2008-09-17,83.6789779663086,116.61000061035156
2008-09-18,86.16190338134766,120.06999969482422
2008-09-19,89.5837173461914,124.12000274658203
2008-09-22,87.55561065673828,121.30999755859375
2008-09-23,85.5635757446289,118.55000305175781
2008-09-24,85.83782958984375,118.93000030517578
2008-09-25,87.18028259277344,120.79000091552734
2008-09-26,87.22357940673828,120.8499984741211
2008-09-29,80.38858795166016,111.37999725341797
2008-09-30,83.71588134765625,115.98999786376953
2008-10-01,83.76639556884766,116.05999755859375
2008-10-02,80.72785949707031,111.8499984741211
2008-10-03,79.63801574707031,110.33999633789062
2008-10-06,75.58174896240234,104.72000122070312
2008-10-07,72.1967544555664,100.02999877929688
2008-10-08,70.37791442871094,97.51000213623047
2008-10-09,65.46280670166016,90.69999694824219
2008-10-10,63.87495803833008,88.5
2008-10-13,73.14944458007812,101.3499984741211
2008-10-14,72.06683349609375,99.8499984741211
2008-10-15,64.97200012207031,90.0199966430664
2008-10-16,67.67858123779297,93.7699966430664
2008-10-17,67.27440643310547,93.20999908447266
2008-10-20,71.31620025634766,98.80999755859375
2008-10-21,69.18704986572266,95.86000061035156
2008-10-22,65.41949462890625,90.63999938964844
2008-10-23,66.17733001708984,91.69000244140625
2008-10-24,62.821224212646484,87.04000091552734
2008-10-27,60.590980529785156,83.94999694824219
2008-10-28,67.67135620117188,93.76000213623047
2008-10-29,67.18055725097656,93.08000183105469
2008-10-30,69.50462341308594,96.30000305175781
2008-10-31,69.88713836669922,96.83000183105469
2008-11-03,70.08924102783203,97.11000061035156
2008-11-04,72.47100830078125,100.41000366210938
2008-11-05,69.42521667480469,96.19000244140625
2008-11-06,65.57828521728516,90.86000061035156
2008-11-07,67.74356079101562,93.86000061035156
2008-11-10,66.85576629638672,92.62999725341797
2008-11-11,64.79157257080078,89.7699966430664
2008-11-12,61.940673828125,85.81999969482422
2008-11-13,65.8020248413086,91.16999816894531
2008-11-14,62.5180549621582,86.62000274658203
2008-11-17,61.68804931640625,85.47000122070312
2008-11-18,62.85006332397461,87.08000183105469
2008-11-19,58.82268524169922,81.5
2008-11-20,54.45612716674805,75.44999694824219
2008-11-21,57.393619537353516,79.5199966430664
2008-11-24,61.37049865722656,85.02999877929688
2008-11-25,61.825199127197266,85.66000366210938
2008-11-26,64.21416473388672,88.97000122070312
2008-11-28,65.02252197265625,90.08999633789062
2008-12-01,59.26297378540039,82.11000061035156
2008-12-02,61.54369354248047,85.2699966430664
2008-12-03,63.02327346801758,87.31999969482422
2008-12-04,61.56532287597656,85.30000305175781
2008-12-05,63.463558197021484,87.93000030517578
2008-12-08,65.67933654785156,91.0
2008-12-09,64.5967025756836,89.5
2008-12-10,65.03697204589844,90.11000061035156
2008-12-11,63.47077941894531,87.94000244140625
2008-12-12,64.22862243652344,88.98999786376953
2008-12-15,63.333641052246094,87.75
2008-12-16,66.31449127197266,91.87999725341797
2008-12-17,65.67210388183594,90.98999786376953
2008-12-18,64.44514465332031,89.29000091552734
2008-12-19,64.16792297363281,88.19000244140625
2008-12-22,63.3456916809082,87.05999755859375
2008-12-23,62.690860748291016,86.16000366210938
2008-12-24,63.054691314697266,86.66000366210938
2008-12-26,63.418487548828125,87.16000366210938
2008-12-29,63.23660659790039,86.91000366210938
2008-12-30,64.7354507446289,88.97000122070312
2008-12-31,65.65951538085938,90.23999786376953
2009-01-02,67.63861083984375,92.95999908447266
2009-01-05,67.55859375,92.8499984741211
2009-01-06,68.00969696044922,93.47000122070312
2009-01-07,65.97235870361328,90.66999816894531
2009-01-08,66.24161529541016,91.04000091552734
2009-01-09,64.82276153564453,89.08999633789062
2009-01-12,63.26567459106445,86.94999694824219
2009-01-13,63.382102966308594,87.11000061035156
2009-01-14,61.38845443725586,84.37000274658203
2009-01-15,61.41025924682617,84.4000015258789
2009-01-16,61.89049530029297,85.05999755859375
2009-01-20,58.62351608276367,80.56999969482422
2009-01-21,61.15560531616211,84.05000305175781
2009-01-22,60.209716796875,82.75
2009-01-23,60.471675872802734,83.11000061035156
2009-01-26,60.886409759521484,83.68000030517578
2009-01-27,61.50484085083008,84.52999877929688
2009-01-28,63.585819244384766,87.38999938964844
2009-01-29,61.51941680908203,84.55000305175781
2009-01-30,60.2679328918457,82.83000183105469
2009-02-02,60.086021423339844,82.58000183105469
2009-02-03,60.930057525634766,83.73999786376953
2009-02-04,60.631736755371094,83.33000183105469
2009-02-05,61.53396224975586,84.56999969482422
2009-02-06,63.28750228881836,86.9800033569336
2009-02-09,63.37482833862305,87.0999984741211
2009-02-10,60.471675872802734,83.11000061035156
2009-02-11,60.82820129394531,83.5999984741211
2009-02-12,60.871826171875,83.66000366210938
2009-02-13,60.21702194213867,82.76000213623047
2009-02-17,57.641258239746094,79.22000122070312
2009-02-18,57.502994537353516,79.02999877929688
2009-02-19,56.88453674316406,78.18000030517578
2009-02-20,56.3315544128418,77.41999816894531
2009-02-23,54.31610107421875,74.6500015258789
2009-02-24,56.37522506713867,77.4800033569336
2009-02-25,55.93136215209961,76.87000274658203
2009-02-26,55.0218505859375,75.62000274658203
2009-02-27,53.792205810546875,73.93000030517578
2009-03-02,51.369258880615234,70.5999984741211
2009-03-03,50.9836311340332,70.06999969482422
2009-03-04,52.191444396972656,71.7300033569336
2009-03-05,50.05955505371094,68.80000305175781
2009-03-06,50.14686584472656,68.91999816894531
2009-03-09,49.557518005371094,68.11000061035156
2009-03-10,52.511600494384766,72.16999816894531
2009-03-11,52.85360336303711,72.63999938964844
2009-03-12,54.934539794921875,75.5
2009-03-13,55.36384201049805,76.08999633789062
2009-03-16,55.196468353271484,75.86000061035156
2009-03-17,56.88453674316406,78.18000030517578
2009-03-18,58.15785217285156,79.93000030517578
2009-03-19,57.437538146972656,78.94000244140625
2009-03-20,56.21443557739258,76.70999908447266
2009-03-23,60.25230026245117,82.22000122070312
2009-03-24,59.065093994140625,80.5999984741211
2009-03-25,59.688045501708984,81.44999694824219
2009-03-26,60.90450668334961,83.11000061035156
2009-03-27,59.80524826049805,81.61000061035156
2009-03-30,57.73869323730469,78.79000091552734
2009-03-31,58.273658752441406,79.5199966430664
2009-04-01,59.402217864990234,81.05999755859375
2009-04-02,61.138980865478516,83.43000030517578
2009-04-03,61.74723815917969,84.26000213623047
2009-04-06,61.26356506347656,83.5999984741211
2009-04-07,59.83456039428711,81.6500015258789
2009-04-08,60.47943115234375,82.52999877929688
2009-04-09,62.883113861083984,85.80999755859375
2009-04-13,62.89778137207031,85.83000183105469
2009-04-14,61.81318283081055,84.3499984741211
2009-04-15,62.47272872924805,85.25
2009-04-16,63.38874435424805,86.5
2009-04-17,63.81373977661133,87.08000183105469
2009-04-20,61.138980865478516,83.43000030517578
2009-04-21,62.333473205566406,85.05999755859375
2009-04-22,61.952423095703125,84.54000091552734
2009-04-23,62.56064987182617,85.37000274658203
2009-04-24,63.50596618652344,86.66000366210938
2009-04-27,62.90507888793945,85.83999633789062
2009-04-28,62.707191467285156,85.56999969482422
2009-04-29,64.04096221923828,87.38999938964844
2009-04-30,64.06291961669922,87.41999816894531
2009-05-01,64.40734100341797,87.88999938964844
2009-05-04,66.59845733642578,90.87999725341797
2009-05-05,66.37130737304688,90.56999969482422
2009-05-06,67.52183532714844,92.13999938964844
2009-05-07,66.58383178710938,90.86000061035156
2009-05-08,68.13739776611328,92.9800033569336
2009-05-11,66.86229705810547,91.23999786376953
2009-05-12,66.6644287109375,90.97000122070312
2009-05-13,64.98627471923828,88.68000030517578
2009-05-14,65.5432357788086,89.44000244140625
2009-05-15,65.00827026367188,88.70999908447266
2009-05-18,66.85499572753906,91.2300033569336
2009-05-19,66.77433013916016,91.12000274658203
2009-05-20,66.32734680175781,90.51000213623047
2009-05-21,65.37466430664062,89.20999908447266
2009-05-22,65.23542785644531,89.0199966430664
2009-05-26,66.90628051757812,91.30000305175781
2009-05-27,65.71178436279297,89.66999816894531
2009-05-28,66.6277847290039,90.91999816894531
2009-05-29,67.80762481689453,92.52999877929688
2009-06-01,69.44915771484375,94.7699966430664
2009-06-02,69.5077896118164,94.8499984741211
2009-06-03,68.62838745117188,93.6500015258789
2009-06-04,69.27326202392578,94.52999877929688
2009-06-05,69.28791809082031,94.55000305175781
2009-06-08,69.00212860107422,94.16000366210938
2009-06-09,69.3538818359375,94.63999938964844
2009-06-10,69.1780014038086,94.4000015258789
2009-06-11,69.48578643798828,94.81999969482422
2009-06-12,69.67633056640625,95.08000183105469
2009-06-15,68.0787582397461,92.9000015258789
2009-06-16,67.1554183959961,91.63999938964844
2009-06-17,67.0894546508789,91.55000305175781
2009-06-18,67.5804443359375,92.22000122070312
2009-06-19,67.82955932617188,92.04000091552734
2009-06-22,65.79556274414062,89.27999877929688
2009-06-23,65.84712219238281,89.3499984741211
2009-06-24,66.41458892822266,90.12000274658203
2009-06-25,67.85901641845703,92.08000183105469
2009-06-26,67.68217468261719,91.83999633789062
2009-06-29,68.31591033935547,92.69999694824219
2009-06-30,67.76322937011719,91.94999694824219
2009-07-01,68.04328155517578,92.33000183105469
2009-07-02,66.18614959716797,89.80999755859375
2009-07-06,66.17877960205078,89.80000305175781
2009-07-07,64.89647674560547,88.05999755859375
2009-07-08,64.85224914550781,88.0
2009-07-09,64.97749328613281,88.16999816894531
2009-07-10,64.82276153564453,87.95999908447266
2009-07-13,66.39986419677734,90.0999984741211
2009-07-14,66.77568817138672,90.61000061035156
2009-07-15,68.7286376953125,93.26000213623047
2009-07-16,68.61807250976562,93.11000061035156
2009-07-17,69.36981201171875,94.12999725341797
2009-07-20,70.10676574707031,95.12999725341797
2009-07-21,70.4310073852539,95.56999969482422
2009-07-22,70.41627502441406,95.55000305175781
2009-07-23,71.97124481201172,97.66000366210938
2009-07-24,72.26603698730469,98.05999755859375
2009-07-27,72.4797592163086,98.3499984741211
2009-07-28,72.1407241821289,97.88999938964844
2009-07-29,71.9638900756836,97.6500015258789
2009-07-30,72.71558380126953,98.66999816894531
2009-07-31,72.81871795654297,98.80999755859375
2009-08-03,74.01998138427734,100.44000244140625
2009-08-04,74.21161651611328,100.69999694824219
2009-08-05,73.99787139892578,100.41000366210938
2009-08-06,73.6146469116211,99.88999938964844
2009-08-07,74.58009338378906,101.19999694824219
2009-08-10,74.4253158569336,100.98999786376953
2009-08-11,73.49675750732422,99.7300033569336
2009-08-12,74.28530883789062,100.80000305175781
2009-08-13,74.8527603149414,101.56999969482422
2009-08-14,74.27791595458984,100.79000091552734
2009-08-17,72.45026397705078,98.30999755859375
2009-08-18,73.02511596679688,99.08999633789062
2009-08-19,73.66626739501953,99.95999908447266
2009-08-20,74.4253158569336,100.98999786376953
2009-08-21,75.88448333740234,102.97000122070312
2009-08-24,75.87710571289062,102.95999908447266
2009-08-25,76.0245361328125,103.16000366210938
2009-08-26,76.0318832397461,103.16999816894531
2009-08-27,76.20140838623047,103.4000015258789
2009-08-28,76.18661499023438,103.37999725341797
2009-08-31,75.5086441040039,102.45999908447266
2009-09-01,73.84310150146484,100.19999694824219
2009-09-02,73.56307220458984,99.81999969482422
2009-09-03,74.17476654052734,100.6500015258789
2009-09-04,75.21385192871094,102.05999755859375
2009-09-08,75.86239624023438,102.94000244140625
2009-09-09,76.44458770751953,103.7300033569336
2009-09-10,77.22577667236328,104.79000091552734
2009-09-11,77.21102142333984,104.7699966430664
2009-09-14,77.58688354492188,105.27999877929688
2009-09-15,77.91111755371094,105.72000122070312
2009-09-16,79.09027862548828,107.31999969482422
2009-09-17,78.97235870361328,107.16000366210938
2009-09-18,79.02269744873047,106.72000122070312
2009-09-21,78.82275390625,106.44999694824219
2009-09-22,79.2818832397461,107.06999969482422
2009-09-23,78.62286376953125,106.18000030517578
2009-09-24,77.75648498535156,105.01000213623047
2009-09-25,77.3418197631836,104.44999694824219
2009-09-28,78.7265396118164,106.31999969482422
2009-09-29,78.48954772949219,106.0
2009-09-30,78.18596649169922,105.58999633789062
2009-10-01,76.24594116210938,102.97000122070312
2009-10-02,75.89051055908203,102.48999786376953
2009-10-05,77.02348327636719,104.0199966430664
2009-10-06,78.1267318725586,105.51000213623047
2009-10-07,78.3414535522461,105.80000305175781
2009-10-08,78.94124603271484,106.61000061035156
2009-10-09,79.42256927490234,107.26000213623047
2009-10-12,79.7335205078125,107.68000030517578
2009-10-13,79.57064056396484,107.45999908447266
2009-10-14,80.94050598144531,109.30999755859375
2009-10-15,81.23670959472656,109.70999908447266
2009-10-16,80.6294937133789,108.88999938964844
2009-10-19,81.29594421386719,109.79000091552734
2009-10-20,80.866455078125,109.20999908447266
2009-10-21,80.14080047607422,108.2300033569336
2009-10-22,80.95529174804688,109.33000183105469
2009-10-23,80.02978515625,108.08000183105469
2009-10-26,79.1633529663086,106.91000366210938
2009-10-27,78.800537109375,106.41999816894531
2009-10-28,77.31221008300781,104.41000366210938
2009-10-29,78.97087860107422,106.6500015258789
2009-10-30,76.68280029296875,103.55999755859375
2009-11-02,77.24559020996094,104.31999969482422
2009-11-03,77.48992156982422,104.6500015258789
2009-11-04,77.68984985351562,104.91999816894531
2009-11-05,79.11898040771484,106.8499984741211
2009-11-06,79.32633209228516,107.12999725341797
2009-11-09,81.13308715820312,109.56999969482422
2009-11-10,81.1478271484375,109.58999633789062
2009-11-11,81.56250762939453,110.1500015258789
2009-11-12,80.73321533203125,109.02999877929688
2009-11-13,81.1700668334961,109.62000274658203
2009-11-16,82.34739685058594,111.20999908447266
2009-11-17,82.44367218017578,111.33999633789062
2009-11-18,82.39179992675781,111.2699966430664
2009-11-19,81.3181381225586,109.81999969482422
2009-11-20,81.02938079833984,109.43000030517578
2009-11-23,82.0586166381836,110.81999969482422
2009-11-24,82.18448638916016,110.98999786376953
2009-11-25,82.47328186035156,111.37999725341797
2009-11-27,81.13308715820312,109.56999969482422
2009-11-30,81.40701293945312,109.94000244140625
2009-12-01,82.41403198242188,111.30000305175781
2009-12-02,82.37701416015625,111.25
2009-12-03,81.73279571533203,110.37999725341797
2009-12-04,82.19931030273438,111.01000213623047
2009-12-07,82.07341003417969,110.83999633789062
2009-12-08,81.16265869140625,109.61000061035156
2009-12-09,81.4662094116211,110.0199966430664
2009-12-10,81.92533111572266,110.63999938964844
2009-12-11,82.27333068847656,111.11000061035156
2009-12-14,82.83612060546875,111.87000274658203
2009-12-15,82.45104217529297,111.3499984741211
2009-12-16,82.57693481445312,111.5199966430664
2009-12-17,81.58472442626953,110.18000030517578
2009-12-18,82.04627227783203,110.20999908447266
2009-12-21,82.8801040649414,111.33000183105469
2009-12-22,83.17787170410156,111.7300033569336
2009-12-23,83.34162902832031,111.94999694824219
2009-12-24,83.73619079589844,112.4800033569336
2009-12-28,83.91487121582031,112.72000122070312
2009-12-29,83.79574584960938,112.55999755859375
2009-12-30,83.76597595214844,112.5199966430664
2009-12-31,82.96195220947266,111.44000244140625
2010-01-04,84.36896514892578,113.33000183105469
2010-01-05,84.5923080444336,113.62999725341797
2010-01-06,84.65189361572266,113.70999908447266
2010-01-07,85.00918579101562,114.19000244140625
2010-01-08,85.2921142578125,114.56999969482422
2010-01-11,85.41121673583984,114.7300033569336
2010-01-12,84.61463928222656,113.66000366210938
2010-01-13,85.32933044433594,114.62000274658203
2010-01-14,85.56009674072266,114.93000030517578
2010-01-15,84.5997543334961,113.63999938964844
2010-01-19,85.6568603515625,115.05999755859375
2010-01-20,84.78587341308594,113.88999938964844
2010-01-21,83.15547943115234,111.69999694824219
2010-01-22,81.30182647705078,109.20999908447266
2010-01-25,81.71874237060547,109.7699966430664
2010-01-26,81.37626647949219,109.30999755859375
2010-01-27,81.76337432861328,109.83000183105469
2010-01-28,80.82537841796875,108.56999969482422
2010-01-29,79.94689178466797,107.38999938964844
2010-02-01,81.19019317626953,109.05999755859375
2010-02-02,82.17282104492188,110.37999725341797
2010-02-03,81.76337432861328,109.83000183105469
2010-02-04,79.23970031738281,106.44000244140625
2010-02-05,79.40347290039062,106.66000366210938
2010-02-08,78.83026885986328,105.88999938964844
2010-02-09,79.82035827636719,107.22000122070312
2010-02-10,79.66401672363281,107.01000213623047
2010-02-11,80.49777221679688,108.12999725341797
2010-02-12,80.43084716796875,108.04000091552734
2010-02-16,81.6964111328125,109.73999786376953
2010-02-17,82.08350372314453,110.26000213623047
2010-02-18,82.56742095947266,110.91000366210938
2010-02-19,82.73866271972656,111.13999938964844
2010-02-22,82.75352478027344,111.16000366210938
2010-02-23,81.74849700927734,109.80999755859375
2010-02-24,82.50039672851562,110.81999969482422
2010-02-25,82.38870239257812,110.66999816894531
2010-02-26,82.44085693359375,110.73999786376953
2010-03-01,83.29694366455078,111.88999938964844
2010-03-02,83.5277099609375,112.19999694824219
2010-03-03,83.60221862792969,112.30000305175781
2010-03-04,83.8553466796875,112.63999938964844
2010-03-05,85.05384826660156,114.25
2010-03-08,85.0687255859375,114.2699966430664
2010-03-09,85.21021270751953,114.45999908447266
2010-03-10,85.58988189697266,114.97000122070312
2010-03-11,85.94721221923828,115.44999694824219
2010-03-12,85.95466613769531,115.45999908447266
2010-03-15,85.97698211669922,115.48999786376953
2010-03-16,86.66189575195312,116.41000366210938
2010-03-17,87.17559814453125,117.0999984741211
2010-03-18,87.13089752197266,117.04000091552734
2010-03-19,86.68988037109375,115.97000122070312
2010-03-22,87.15331268310547,116.58999633789062
2010-03-23,87.76628875732422,117.41000366210938
2010-03-24,87.3401870727539,116.83999633789062
2010-03-25,87.19819641113281,116.6500015258789
2010-03-26,87.14588165283203,116.58000183105469
2010-03-29,87.69902801513672,117.31999969482422
2010-03-30,87.7588119506836,117.4000015258789
2010-03-31,87.45980072021484,117.0
2010-04-01,88.05782318115234,117.80000305175781
2010-04-05,88.77545166015625,118.76000213623047
2010-04-06,88.98474884033203,119.04000091552734
2010-04-07,88.4764404296875,118.36000061035156
2010-04-08,88.78289031982422,118.7699966430664
2010-04-09,89.36597442626953,119.55000305175781
2010-04-12,89.50798034667969,119.73999786376953
2010-04-13,89.57530975341797,119.83000183105469
2010-04-14,90.59197235107422,121.19000244140625
2010-04-15,90.66666412353516,121.29000091552734
2010-04-16,89.2239761352539,119.36000061035156
2010-04-19,89.56034088134766,119.80999755859375
2010-04-20,90.36017608642578,120.87999725341797
2010-04-21,90.19573974609375,120.66000366210938
2010-04-22,90.46483612060547,121.0199966430664
2010-04-23,91.05538177490234,121.80999755859375
2010-04-26,90.71148681640625,121.3499984741211
2010-04-27,88.56614685058594,118.4800033569336
2010-04-28,89.23888397216797,119.37999725341797
2010-04-29,90.34524536132812,120.86000061035156
2010-04-30,88.81282043457031,118.80999755859375
2010-05-03,89.96401977539062,120.3499984741211
2010-05-04,87.8485336303711,117.5199966430664
2010-05-05,87.32527923583984,116.81999969482422
2010-05-06,84.42488098144531,112.94000244140625
2010-05-07,83.16903686523438,111.26000213623047
2010-05-10,86.8318862915039,116.16000366210938
2010-05-11,86.58523559570312,115.83000183105469
2010-05-12,87.79621124267578,117.44999694824219
2010-05-13,86.70481872558594,115.98999786376953
2010-05-14,85.13502502441406,113.88999938964844
2010-05-17,85.17988586425781,113.94999694824219
2010-05-18,84.0212173461914,112.4000015258789
2010-05-19,83.54279327392578,111.76000213623047
2010-05-20,80.38829040527344,107.54000091552734
2010-05-21,81.5618667602539,109.11000061035156
2010-05-24,80.51533508300781,107.70999908447266
2010-05-25,80.59754943847656,107.81999969482422
2010-05-26,80.11168670654297,107.16999816894531
2010-05-27,82.79529571533203,110.76000213623047
2010-05-28,81.75623321533203,109.37000274658203
2010-06-01,80.38078308105469,107.52999877929688
2010-06-02,82.47381591796875,110.33000183105469
2010-06-03,82.7579345703125,110.70999908447266
2010-06-04,79.85006713867188,106.81999969482422
2010-06-07,78.85586547851562,105.48999786376953
2010-06-08,79.7005615234375,106.62000274658203
2010-06-09,79.27450561523438,106.05000305175781
2010-06-10,81.59175872802734,109.1500015258789
2010-06-11,81.98797607421875,109.68000030517578
2010-06-14,81.86087036132812,109.51000213623047
2010-06-15,83.72220611572266,112.0
2010-06-16,83.69230651855469,111.95999908447266
2010-06-17,83.82687377929688,112.13999938964844
2010-06-18,83.91776275634766,111.7300033569336
2010-06-21,83.67738342285156,111.41000366210938
2010-06-22,82.2954330444336,109.56999969482422
2010-06-23,82.04005432128906,109.2300033569336
2010-06-24,80.6805648803711,107.41999816894531
2010-06-25,81.01859283447266,107.87000274658203
2010-06-28,80.76321411132812,107.52999877929688
2010-06-29,78.26961517333984,104.20999908447266
2010-06-30,77.52609252929688,103.22000122070312
2010-07-01,77.18059539794922,102.76000213623047
2010-07-02,76.76000213623047,102.19999694824219
2010-07-06,77.26319885253906,102.87000274658203
2010-07-07,79.69671630859375,106.11000061035156
2010-07-08,80.4853286743164,107.16000366210938
2010-07-09,81.08622741699219,107.95999908447266
2010-07-12,81.13874816894531,108.02999877929688
2010-07-13,82.36300659179688,109.66000366210938
2010-07-14,82.35552978515625,109.6500015258789
2010-07-15,82.37803649902344,109.68000030517578
2010-07-16,80.10979461669922,106.66000366210938
2010-07-19,80.58299255371094,107.29000091552734
2010-07-20,81.4767837524414,108.4800033569336
2010-07-21,80.417724609375,107.06999969482422
2010-07-22,82.21279907226562,109.45999908447266
2010-07-23,82.92633819580078,110.41000366210938
2010-07-26,83.79008483886719,111.55999755859375
2010-07-27,83.7825698852539,111.55000305175781
2010-07-28,83.24177551269531,110.83000183105469
2010-07-29,82.83618927001953,110.29000091552734
2010-07-30,82.82117462158203,110.2699966430664
2010-08-02,84.69133758544922,112.76000213623047
2010-08-03,84.2857437133789,112.22000122070312
2010-08-04,84.84908294677734,112.97000122070312
2010-08-05,84.75892639160156,112.8499984741211
2010-08-06,84.41344451904297,112.38999938964844
2010-08-09,84.86409759521484,112.98999786376953
2010-08-10,84.40596771240234,112.37999725341797
2010-08-11,82.0926513671875,109.30000305175781
2010-08-12,81.58940887451172,108.62999725341797
2010-08-13,81.34906768798828,108.30999755859375
2010-08-16,81.3115005493164,108.26000213623047
2010-08-17,82.31046295166016,109.58999633789062
2010-08-18,82.46068572998047,109.79000091552734
2010-08-19,81.02609252929688,107.87999725341797
2010-08-20,80.76321411132812,107.52999877929688
2010-08-23,80.45527648925781,107.12000274658203
2010-08-24,79.26110076904297,105.52999877929688
2010-08-25,79.56902313232422,105.94000244140625
2010-08-26,79.03572845458984,105.2300033569336
2010-08-27,80.25999450683594,106.86000061035156
2010-08-30,79.0958023071289,105.30999755859375
2010-08-31,79.0958023071289,105.30999755859375
2010-09-01,81.46173095703125,108.45999908447266
2010-09-02,82.2203140258789,109.47000122070312
2010-09-03,83.28684997558594,110.88999938964844
2010-09-07,82.3479995727539,109.63999938964844
2010-09-08,82.92633819580078,110.41000366210938
2010-09-09,83.30936431884766,110.91999816894531
2010-09-10,83.72998809814453,111.4800033569336
2010-09-13,84.66133117675781,112.72000122070312
2010-09-14,84.60873413085938,112.6500015258789
2010-09-15,84.93170166015625,113.08000183105469
2010-09-16,84.90913391113281,113.05000305175781
2010-09-17,84.94086456298828,112.48999786376953
2010-09-20,86.23965454101562,114.20999908447266
2010-09-21,86.06596374511719,113.9800033569336
2010-09-22,85.64311218261719,113.41999816894531
2010-09-23,84.94845581054688,112.5
2010-09-24,86.70024108886719,114.81999969482422
2010-09-27,86.28494262695312,114.2699966430664
2010-09-28,86.58699035644531,114.66999816894531
2010-09-29,86.43595886230469,114.47000122070312
2010-09-30,86.17923736572266,114.12999725341797
2010-10-01,86.54165649414062,114.61000061035156
2010-10-04,85.89230346679688,113.75
2010-10-05,87.62147521972656,116.04000091552734
2010-10-06,87.6139144897461,116.02999877929688
2010-10-07,87.50822448730469,115.88999938964844
2010-10-08,87.99903869628906,116.54000091552734
2010-10-11,88.08209228515625,116.6500015258789
2010-10-12,88.3539047241211,117.01000213623047
2010-10-13,89.04108428955078,117.91999816894531
2010-10-14,88.69371795654297,117.45999908447266
2010-10-15,88.87494659423828,117.69999694824219
2010-10-18,89.31289672851562,118.27999877929688
2010-10-19,88.14249420166016,116.7300033569336
2010-10-20,89.00331115722656,117.87000274658203
2010-10-21,89.19964599609375,118.12999725341797
2010-10-22,89.36575317382812,118.3499984741211
2010-10-25,89.63004302978516,118.69999694824219
2010-10-26,89.64512634277344,118.72000122070312
2010-10-27,89.38838195800781,118.37999725341797
2010-10-28,89.40351104736328,118.4000015258789
2010-10-29,89.4714584350586,118.48999786376953
2010-11-01,89.50166320800781,118.52999877929688
2010-11-02,90.21146392822266,119.47000122070312
2010-11-03,90.57389068603516,119.94999694824219
2010-11-04,92.31816864013672,122.26000213623047
2010-11-05,92.6655502319336,122.72000122070312
2010-11-08,92.49183654785156,122.48999786376953
2010-11-09,91.82735443115234,121.61000061035156
2010-11-10,92.19734191894531,122.0999984741211
2010-11-11,91.85001373291016,121.63999938964844
2010-11-12,90.7626724243164,120.19999694824219
2010-11-15,90.63430786132812,120.02999877929688
2010-11-16,89.22228240966797,118.16000366210938
2010-11-17,89.267578125,118.22000122070312
2010-11-18,90.5814437866211,119.95999908447266
2010-11-19,90.83061218261719,120.29000091552734
2010-11-22,90.75513458251953,120.19000244140625
2010-11-23,89.4412612915039,118.44999694824219
2010-11-24,90.7626724243164,120.19999694824219
2010-11-26,89.7055435180664,118.80000305175781
2010-11-29,89.97738647460938,119.16000366210938
2010-11-30,89.4714584350586,118.48999786376953
2010-12-01,91.3742904663086,121.01000213623047
2010-12-02,92.54469299316406,122.55999755859375
2010-12-03,92.79388427734375,122.88999938964844
2010-12-06,92.69572448730469,122.76000213623047
2010-12-07,92.74858856201172,122.83000183105469
2010-12-08,93.0883560180664,123.27999877929688
2010-12-09,93.45085144042969,123.76000213623047
2010-12-10,93.99449157714844,124.4800033569336
2010-12-13,94.05490112304688,124.55999755859375
2010-12-14,94.13796997070312,124.66999816894531
2010-12-15,93.70756530761719,124.0999984741211
2010-12-16,94.25122833251953,124.81999969482422
2010-12-17,94.35220336914062,124.30000305175781
2010-12-20,94.57989501953125,124.5999984741211
2010-12-21,95.17955780029297,125.38999938964844
2010-12-22,95.47562408447266,125.77999877929688
2010-12-23,95.3389663696289,125.5999984741211
2010-12-27,95.376953125,125.6500015258789
2010-12-28,95.5135498046875,125.83000183105469
2010-12-29,95.58190155029297,125.91999816894531
2010-12-30,95.4300537109375,125.72000122070312
2010-12-31,95.45285034179688,125.75
2011-01-03,96.43964385986328,127.05000305175781
2011-01-04,96.38651275634766,126.9800033569336
2011-01-05,96.88748168945312,127.63999938964844
2011-01-06,96.69768524169922,127.38999938964844
2011-01-07,96.5079574584961,127.13999938964844
2011-01-10,96.38651275634766,126.9800033569336
2011-01-11,96.72806549072266,127.43000030517578
2011-01-12,97.60099029541016,128.5800018310547
2011-01-13,97.44158172607422,128.3699951171875
2011-01-14,98.14751434326172,129.3000030517578
2011-01-18,98.3145751953125,129.52000427246094
2011-01-19,97.35050964355469,128.25
2011-01-20,97.22146606445312,128.0800018310547
2011-01-21,97.44158172607422,128.3699951171875
2011-01-24,97.99571990966797,129.10000610351562
2011-01-25,98.04883575439453,129.1699981689453
2011-01-26,98.42840576171875,129.6699981689453
2011-01-27,98.67132568359375,129.99000549316406
2011-01-28,96.94823455810547,127.72000122070312
2011-01-31,97.67689514160156,128.67999267578125
2011-02-01,99.24059295654297,130.74000549316406
2011-02-02,99.05082702636719,130.49000549316406
2011-02-03,99.27096557617188,130.77999877929688
2011-02-04,99.55179595947266,131.14999389648438
2011-02-07,100.17424011230469,131.97000122070312
2011-02-08,100.62968444824219,132.57000732421875
2011-02-09,100.40196990966797,132.27000427246094
2011-02-10,100.43989562988281,132.32000732421875
2011-02-11,101.03958129882812,133.11000061035156
2011-02-14,101.282470703125,133.42999267578125
2011-02-15,100.96366119384766,133.00999450683594
2011-02-16,101.60130310058594,133.85000610351562
2011-02-17,101.90489959716797,134.25
2011-02-18,102.11746978759766,134.52999877929688
2011-02-22,100.0679702758789,131.8300018310547
2011-02-23,99.45313262939453,131.02000427246094
2011-02-24,99.38478088378906,130.92999267578125
2011-02-25,100.44749450683594,132.3300018310547
2011-02-28,101.06993865966797,133.14999389648438
2011-03-01,99.38478088378906,130.92999267578125
2011-03-02,99.59735107421875,131.2100067138672
2011-03-03,101.31285858154297,133.47000122070312
2011-03-04,100.55374908447266,132.47000122070312
2011-03-07,99.76432800292969,131.42999267578125
2011-03-08,100.63726806640625,132.5800018310547
2011-03-09,100.49305725097656,132.38999938964844
2011-03-10,98.63333892822266,129.94000244140625
2011-03-11,99.31648254394531,130.83999633789062
2011-03-14,98.71684265136719,130.0500030517578
2011-03-15,97.58580780029297,128.55999755859375
2011-03-16,95.77925109863281,126.18000030517578
2011-03-17,97.0468521118164,127.8499984741211
2011-03-18,97.39987182617188,127.76000213623047
2011-03-21,98.90935516357422,129.74000549316406
2011-03-22,98.56626892089844,129.2899932861328
2011-03-23,98.84834289550781,129.66000366210938
2011-03-24,99.7936782836914,130.89999389648438
2011-03-25,100.09861755371094,131.3000030517578
2011-03-28,99.85464477539062,130.97999572753906
2011-03-29,100.52555084228516,131.86000061035156
2011-03-30,101.21932983398438,132.77000427246094
2011-03-31,101.08208465576172,132.58999633789062
2011-04-01,101.509033203125,133.14999389648438
2011-04-04,101.59284973144531,133.25999450683594
2011-04-05,101.57757568359375,133.24000549316406
2011-04-06,101.89781188964844,133.66000366210938
2011-04-07,101.63861846923828,133.32000732421875
2011-04-08,101.28792572021484,132.86000061035156
2011-04-11,100.98296356201172,132.4600067138672
2011-04-12,100.2282485961914,131.47000122070312
2011-04-13,100.22064208984375,131.4600067138672
2011-04-14,100.29681396484375,131.55999755859375
2011-04-15,100.66277313232422,132.0399932861328
2011-04-18,99.53446960449219,130.55999755859375
2011-04-19,100.10626220703125,131.30999755859375
2011-04-20,101.47089385986328,133.10000610351562
2011-04-21,101.98931884765625,133.77999877929688
2011-04-25,101.88257598876953,133.63999938964844
2011-04-26,102.7593002319336,134.7899932861328
2011-04-27,103.43017578125,135.6699981689453
2011-04-28,103.7656021118164,136.11000061035156
2011-04-29,104.00956726074219,136.42999267578125
2011-05-02,103.8494644165039,136.22000122070312
2011-05-03,103.47593688964844,135.72999572753906
2011-05-04,102.78977966308594,134.8300018310547
2011-05-05,101.85968780517578,133.61000061035156
2011-05-06,102.3094711303711,134.1999969482422
2011-05-09,102.70589447021484,134.72000122070312
2011-05-10,103.58263397216797,135.8699951171875
2011-05-11,102.49244689941406,134.44000244140625
2011-05-12,102.98039245605469,135.0800018310547
2011-05-13,102.18749237060547,134.0399932861328
2011-05-16,101.53950500488281,133.19000244140625
2011-05-17,101.52423858642578,133.1699981689453
2011-05-18,102.43148040771484,134.36000061035156
2011-05-19,102.67540740966797,134.67999267578125
2011-05-20,101.85968780517578,133.61000061035156
2011-05-23,100.67804718017578,132.05999755859375
2011-05-24,100.59417724609375,131.9499969482422
2011-05-25,100.92960357666016,132.38999938964844
2011-05-26,101.3946533203125,133.0
2011-05-27,101.78346252441406,133.50999450683594
2011-05-31,102.84317016601562,134.89999389648438
2011-06-01,100.53316497802734,131.8699951171875
2011-06-02,100.42646789550781,131.72999572753906
2011-06-03,99.42776489257812,130.4199981689453
2011-06-06,98.37567901611328,129.0399932861328
2011-06-07,98.31470489501953,128.9600067138672
2011-06-08,97.90299987792969,128.4199981689453
2011-06-09,98.65013122558594,129.39999389648438
2011-06-10,97.2778549194336,127.5999984741211
2011-06-13,97.35411071777344,127.69999694824219
2011-06-14,98.58917999267578,129.32000732421875
2011-06-15,96.83570098876953,127.0199966430664
2011-06-16,97.04914855957031,127.30000305175781
2011-06-17,97.33880615234375,127.05000305175781
2011-06-20,97.83675384521484,127.69999694824219
2011-06-21,99.17749786376953,129.4499969482422
2011-06-22,98.5799331665039,128.6699981689453
2011-06-23,98.29642486572266,128.3000030517578
2011-06-24,97.15489959716797,126.80999755859375
2011-06-27,98.02063751220703,127.94000244140625
2011-06-28,99.30008697509766,129.61000061035156
2011-06-29,100.15052032470703,130.72000122070312
2011-06-30,101.10818481445312,131.97000122070312
2011-07-01,102.6021957397461,133.9199981689453
2011-07-05,102.51793670654297,133.80999755859375
2011-07-06,102.64048767089844,133.97000122070312
2011-07-07,103.7054443359375,135.36000061035156
2011-07-08,102.96993255615234,134.39999389648438
2011-07-11,101.10818481445312,131.97000122070312
2011-07-12,100.67147827148438,131.39999389648438
2011-07-13,101.00860595703125,131.83999633789062
2011-07-14,100.31138610839844,130.92999267578125
2011-07-15,100.89368438720703,131.69000244140625
2011-07-18,100.06622314453125,130.61000061035156
2011-07-19,101.69046783447266,132.72999572753906
2011-07-20,101.62921142578125,132.64999389648438
2011-07-21,103.03892517089844,134.49000549316406
2011-07-22,103.10784149169922,134.5800018310547
2011-07-25,102.53327178955078,133.8300018310547
2011-07-26,102.15016174316406,133.3300018310547
2011-07-27,100.05857849121094,130.60000610351562
2011-07-28,99.76747131347656,130.22000122070312
2011-07-29,99.0855712890625,129.3300018310547
2011-08-01,98.6641845703125,128.77999877929688
2011-08-02,96.14358520507812,125.48999786376953
2011-08-03,96.66453552246094,126.16999816894531
2011-08-04,92.13664245605469,120.26000213623047
2011-08-05,91.998779296875,120.08000183105469
2011-08-08,86.0074691772461,112.26000213623047
2011-08-09,90.00675201416016,117.4800033569336
2011-08-10,86.03046417236328,112.29000091552734
2011-08-11,89.89183807373047,117.33000183105469
2011-08-12,90.49710845947266,118.12000274658203
2011-08-15,92.41244506835938,120.62000274658203
2011-08-16,91.62335205078125,119.58999633789062
2011-08-17,91.68462371826172,119.66999816894531
2011-08-18,87.73129272460938,114.51000213623047
2011-08-19,86.29859924316406,112.63999938964844
2011-08-22,86.36756134033203,112.7300033569336
2011-08-23,89.2099609375,116.44000244140625
2011-08-24,90.46647644042969,118.08000183105469
2011-08-25,89.08737182617188,116.27999877929688
2011-08-26,90.38217163085938,117.97000122070312
2011-08-29,92.9793930053711,121.36000061035156
2011-08-30,93.2245864868164,121.68000030517578
2011-08-31,93.63829040527344,122.22000122070312
2011-09-01,92.65764617919922,120.94000244140625
2011-09-02,90.29022216796875,117.8499984741211
2011-09-06,89.63134002685547,116.98999786376953
2011-09-07,92.15962982177734,120.29000091552734
2011-09-08,91.20195770263672,119.04000091552734
2011-09-09,88.81156158447266,115.91999816894531
2011-09-12,89.3862075805664,116.66999816894531
2011-09-13,90.20596313476562,117.73999786376953
2011-09-14,91.45478820800781,119.37000274658203
2011-09-15,93.03304290771484,121.43000030517578
2011-09-16,93.5836410522461,121.5199966430664
2011-09-19,92.65184020996094,120.30999755859375
2011-09-20,92.54399108886719,120.16999816894531
2011-09-21,89.81781005859375,116.62999725341797
2011-09-22,86.91449737548828,112.86000061035156
2011-09-23,87.43818664550781,113.54000091552734
2011-09-26,89.5174789428711,116.23999786376953
2011-09-27,90.51859283447266,117.54000091552734
2011-09-28,88.67035675048828,115.13999938964844
2011-09-29,89.37116241455078,116.05000305175781
2011-09-30,87.1378402709961,113.1500015258789
2011-10-03,84.6581039428711,109.93000030517578
2011-10-04,86.51405334472656,112.33999633789062
2011-10-05,88.11587524414062,114.41999816894531
2011-10-06,89.70999145507812,116.48999786376953
2011-10-07,89.10929107666016,115.70999908447266
2011-10-10,92.08966827392578,119.58000183105469
2011-10-11,92.18206024169922,119.69999694824219
2011-10-12,92.99066925048828,120.75
2011-10-13,92.80583953857422,120.51000213623047
2011-10-14,94.39225006103516,122.56999969482422
2011-10-17,92.5902099609375,120.2300033569336
2011-10-18,94.39997863769531,122.58000183105469
2011-10-19,93.28331756591797,121.12999725341797
2011-10-20,93.69146728515625,121.66000366210938
2011-10-21,95.47046661376953,123.97000122070312
2011-10-24,96.6409912109375,125.48999786376953
2011-10-25,94.76193237304688,123.05000305175781
2011-10-26,95.72457885742188,124.30000305175781
2011-10-27,99.05914306640625,128.6300048828125
2011-10-28,99.03606414794922,128.60000610351562
2011-10-31,96.6487045288086,125.5
2011-11-01,93.95331573486328,122.0
2011-11-02,95.48580169677734,123.98999786376953
2011-11-03,97.22624969482422,126.25
2011-11-04,96.63330078125,125.4800033569336
2011-11-07,97.23397827148438,126.26000213623047
2011-11-08,98.48153686523438,127.87999725341797
2011-11-09,94.84662628173828,123.16000366210938
2011-11-10,95.73997497558594,124.31999969482422
2011-11-11,97.5420150756836,126.66000366210938
2011-11-14,96.61788940429688,125.45999908447266
2011-11-15,97.09535217285156,126.08000183105469
2011-11-16,95.55516052246094,124.08000183105469
2011-11-17,94.03800964355469,122.11000061035156
2011-11-18,93.93791198730469,121.9800033569336
2011-11-21,92.15122985839844,119.66000366210938
2011-11-22,91.789306640625,119.19000244140625
2011-11-23,89.763916015625,116.55999755859375
2011-11-25,89.5945053100586,116.33999633789062
2011-11-28,92.18977355957031,119.70999908447266
2011-11-29,92.45161437988281,120.05000305175781
2011-11-30,96.25594329833984,124.98999786376953
2011-12-01,96.24050903320312,124.97000122070312
2011-12-02,96.15582275390625,124.86000061035156
2011-12-05,97.20317077636719,126.22000122070312
2011-12-06,97.23397827148438,126.26000213623047
2011-12-07,97.59593963623047,126.7300033569336
2011-12-08,95.45503997802734,123.94999694824219
2011-12-09,97.07223510742188,126.05000305175781
2011-12-12,95.65522766113281,124.20999908447266
2011-12-13,94.76193237304688,123.05000305175781
2011-12-14,93.75308990478516,121.73999786376953
2011-12-15,94.0919418334961,122.18000030517578
2011-12-16,94.23141479492188,121.58999633789062
2011-12-19,93.22393035888672,120.29000091552734
2011-12-20,96.04493713378906,123.93000030517578
2011-12-21,96.23088836669922,124.16999816894531
2011-12-22,97.0833969116211,125.2699966430664
2011-12-23,97.95137786865234,126.38999938964844
2011-12-27,98.02889251708984,126.48999786376953
2011-12-28,96.74242401123047,124.83000183105469
2011-12-29,97.74214935302734,126.12000274658203
2011-12-30,97.26165008544922,125.5
2012-01-03,98.81165313720703,127.5
2012-01-04,98.96659851074219,127.69999694824219
2012-01-05,99.2301254272461,128.0399932861328
2012-01-06,98.97438049316406,127.70999908447266
2012-01-09,99.21463012695312,128.02000427246094
2012-01-10,100.07489013671875,129.1300048828125
2012-01-11,100.12915802001953,129.1999969482422
2012-01-12,100.36935424804688,129.50999450683594
2012-01-13,99.85013580322266,128.83999633789062
2012-01-17,100.23762512207031,129.33999633789062
2012-01-18,101.34584045410156,130.77000427246094
2012-01-19,101.88063049316406,131.4600067138672
2012-01-20,102.26036071777344,131.9499969482422
2012-01-23,101.99688720703125,131.61000061035156
2012-01-24,101.88063049316406,131.4600067138672
2012-01-25,102.73312377929688,132.55999755859375
2012-01-26,102.20612335205078,131.8800048828125
2012-01-27,102.15959930419922,131.82000732421875
2012-01-30,101.81085205078125,131.3699951171875
2012-01-31,101.77210998535156,131.32000732421875
2012-02-01,102.6633529663086,132.47000122070312
2012-02-02,102.82611083984375,132.67999267578125
2012-02-03,104.26759338378906,134.5399932861328
2012-02-06,104.19783020019531,134.4499969482422
2012-02-07,104.4613265991211,134.7899932861328
2012-02-08,104.77135467529297,135.19000244140625
2012-02-09,104.90309143066406,135.36000061035156
2012-02-10,104.12812042236328,134.36000061035156
2012-02-13,104.90309143066406,135.36000061035156
2012-02-14,104.77135467529297,135.19000244140625
2012-02-15,104.28311920166016,134.55999755859375
2012-02-16,105.43787384033203,136.0500030517578
2012-02-17,105.71685791015625,136.41000366210938
2012-02-21,105.76332092285156,136.47000122070312
2012-02-22,105.42235565185547,136.02999877929688
2012-02-23,105.8873519897461,136.6300048828125
2012-02-24,106.11983489990234,136.92999267578125
2012-02-27,106.29808807373047,137.16000366210938
2012-02-28,106.60804748535156,137.55999755859375
2012-02-29,106.18955993652344,137.02000427246094
2012-03-01,106.73986053466797,137.72999572753906
2012-03-02,106.41436767578125,137.30999755859375
2012-03-05,105.98033905029297,136.75
2012-03-06,104.43036651611328,134.75
2012-03-07,105.15884399414062,135.69000244140625
2012-03-08,106.205078125,137.0399932861328
2012-03-09,106.61585235595703,137.57000732421875
2012-03-12,106.62354278564453,137.5800018310547
2012-03-13,108.54557800292969,140.05999755859375
2012-03-14,108.4293212890625,139.91000366210938
2012-03-15,109.05701446533203,140.72000122070312
2012-03-16,109.20808410644531,140.3000030517578
2012-03-19,109.63616180419922,140.85000610351562
2012-03-20,109.31704711914062,140.44000244140625
2012-03-21,109.13801574707031,140.2100067138672
2012-03-22,108.35183715820312,139.1999969482422
2012-03-23,108.70206451416016,139.64999389648438
2012-03-26,110.22773742675781,141.61000061035156
2012-03-27,109.88528442382812,141.1699981689453
2012-03-28,109.3403549194336,140.47000122070312
2012-03-29,109.1535873413086,140.22999572753906
2012-03-30,109.60501098632812,140.80999755859375
2012-04-02,110.40680694580078,141.83999633789062
2012-04-03,109.9553451538086,141.25999450683594
2012-04-04,108.86557006835938,139.86000061035156
2012-04-05,108.8110580444336,139.7899932861328
2012-04-09,107.5890121459961,138.22000122070312
2012-04-10,105.78314208984375,135.89999389648438
2012-04-11,106.639404296875,137.0
2012-04-12,108.0326919555664,138.7899932861328
2012-04-13,106.74833679199219,137.13999938964844
2012-04-16,106.67829132080078,137.0500030517578
2012-04-17,108.25843811035156,139.0800018310547
2012-04-18,107.892578125,138.61000061035156
2012-04-19,107.1998062133789,137.72000122070312
2012-04-20,107.37885284423828,137.9499969482422
2012-04-23,106.47590637207031,136.7899932861328
2012-04-24,106.88072967529297,137.30999755859375
2012-04-25,108.34407043457031,139.19000244140625
2012-04-26,109.0990982055664,140.16000366210938
2012-04-27,109.27813720703125,140.38999938964844
2012-04-30,108.87335205078125,139.8699951171875
2012-05-01,109.55056762695312,140.74000549316406
2012-05-02,109.22362518310547,140.32000732421875
2012-05-03,108.3907470703125,139.25
2012-05-04,106.639404296875,137.0
2012-05-07,106.71721649169922,137.10000610351562
2012-05-08,106.28911590576172,136.5500030517578
2012-05-09,105.6585693359375,135.74000549316406
2012-05-10,105.87653350830078,136.02000427246094
2012-05-11,105.55741882324219,135.61000061035156
2012-05-14,104.38986206054688,134.11000061035156
2012-05-15,103.79046630859375,133.33999633789062
2012-05-16,103.39350891113281,132.8300018310547
2012-05-17,101.86003875732422,130.86000061035156
2012-05-18,100.9882583618164,129.74000549316406
2012-05-21,102.72407531738281,131.97000122070312
2012-05-22,102.90310668945312,132.1999969482422
2012-05-23,102.95760345458984,132.27000427246094
2012-05-24,103.15999603271484,132.52999877929688
2012-05-25,102.82527160644531,132.10000610351562
2012-05-29,104.07068634033203,133.6999969482422
2012-05-30,102.56059265136719,131.75999450683594
2012-05-31,102.33489227294922,131.47000122070312
2012-06-01,99.75843048095703,128.16000366210938
2012-06-04,99.71171569824219,128.10000610351562
2012-06-05,100.46672821044922,129.07000732421875
2012-06-06,102.72407531738281,131.97000122070312
2012-06-07,102.7863540649414,132.0500030517578
2012-06-08,103.6036605834961,133.10000610351562
2012-06-11,102.28816986083984,131.41000366210938
2012-06-12,103.46353149414062,132.9199981689453
2012-06-13,102.80194854736328,132.07000732421875
2012-06-14,103.89167785644531,133.47000122070312
2012-06-15,104.95417022705078,134.13999938964844
2012-06-18,105.15763854980469,134.39999389648438
2012-06-19,106.17477416992188,135.6999969482422
2012-06-20,106.00265502929688,135.47999572753906
2012-06-21,103.62407684326172,132.44000244140625
2012-06-22,104.42211151123047,133.4600067138672
2012-06-25,102.74776458740234,131.32000732421875
2012-06-26,103.26415252685547,131.97999572753906
2012-06-27,104.19524383544922,133.1699981689453
2012-06-28,103.89790344238281,132.7899932861328
2012-06-29,106.48777770996094,136.10000610351562
2012-07-02,106.80853271484375,136.50999450683594
2012-07-03,107.51273345947266,137.41000366210938
2012-07-05,107.02760314941406,136.7899932861328
2012-07-06,106.01044464111328,135.49000549316406
2012-07-09,105.87747955322266,135.32000732421875
2012-07-10,104.95417022705078,134.13999938964844
2012-07-11,104.96983337402344,134.16000366210938
2012-07-12,104.46123504638672,133.50999450683594
2012-07-13,106.21389770507812,135.75
2012-07-16,105.96353149414062,135.42999267578125
2012-07-17,106.69119262695312,136.36000061035156
2012-07-18,107.48145294189453,137.3699951171875
2012-07-19,107.76312255859375,137.72999572753906
2012-07-20,106.77722930908203,136.47000122070312
2012-07-23,105.69747161865234,135.08999633789062
2012-07-24,104.78984832763672,133.92999267578125
2012-07-25,104.81334686279297,133.9600067138672
2012-07-26,106.54248809814453,136.1699981689453
2012-07-27,108.50640106201172,138.67999267578125
2012-07-30,108.50640106201172,138.67999267578125
2012-07-31,107.7474365234375,137.7100067138672
2012-08-01,107.6535873413086,137.58999633789062
2012-08-02,106.91024780273438,136.63999938964844
2012-08-03,109.03063201904297,139.35000610351562
2012-08-06,109.24188995361328,139.6199951171875
2012-08-07,109.78956604003906,140.32000732421875
2012-08-08,109.9225845336914,140.49000549316406
2012-08-09,110.0164794921875,140.61000061035156
2012-08-10,110.19644165039062,140.83999633789062
2012-08-13,110.14166259765625,140.77000427246094
2012-08-14,110.15729522705078,140.7899932861328
2012-08-15,110.28250885009766,140.9499969482422
2012-08-16,111.09623718261719,141.99000549316406
2012-08-17,111.24485778808594,142.17999267578125
2012-08-20,111.25271606445312,142.19000244140625
2012-08-21,110.916259765625,141.75999450683594
2012-08-22,110.96324157714844,141.82000732421875
2012-08-23,110.05554962158203,140.66000366210938
2012-08-24,110.72058868408203,141.50999450683594
2012-08-27,110.74408721923828,141.5399932861328
2012-08-28,110.63457489013672,141.39999389648438
2012-08-29,110.72058868408203,141.50999450683594
2012-08-30,109.9225845336914,140.49000549316406
2012-08-31,110.44677734375,141.16000366210938
2012-09-04,110.34507751464844,141.02999877929688
2012-09-05,110.25122833251953,140.91000366210938
2012-09-06,112.48892974853516,143.77000427246094
2012-09-07,112.92704772949219,144.3300018310547
2012-09-10,112.28547668457031,143.50999450683594
2012-09-11,112.59849548339844,143.91000366210938
2012-09-12,112.97401428222656,144.38999938964844
2012-09-13,114.69534301757812,146.58999633789062
2012-09-14,115.20397186279297,147.24000549316406
2012-09-17,114.8127670288086,146.74000549316406
2012-09-18,114.71879577636719,146.6199951171875
2012-09-19,114.78145599365234,146.6999969482422
2012-09-20,114.78922271728516,146.7100067138672
2012-09-21,114.74128723144531,145.8699951171875
2012-09-24,114.56820678710938,145.64999389648438
2012-09-25,113.34896850585938,144.10000610351562
2012-09-26,112.71183013916016,143.2899932861328
2012-09-27,113.77375030517578,144.63999938964844
2012-09-28,113.24674987792969,143.97000122070312
2012-10-01,113.54566192626953,144.35000610351562
2012-10-02,113.66364288330078,144.5
2012-10-03,114.12771606445312,145.08999633789062
2012-10-04,114.94581604003906,146.1300048828125
2012-10-05,114.95362854003906,146.13999938964844
2012-10-08,114.56041717529297,145.63999938964844
2012-10-09,113.42765045166016,144.1999969482422
2012-10-10,112.7040023803711,143.27999877929688
2012-10-11,112.76690673828125,143.36000061035156
2012-10-12,112.39716339111328,142.88999938964844
2012-10-15,113.33323669433594,144.0800018310547
2012-10-16,114.48170471191406,145.5399932861328
2012-10-17,115.0008316040039,146.1999969482422
2012-10-18,114.70191955566406,145.82000732421875
2012-10-19,112.79048919677734,143.38999938964844
2012-10-22,112.8062515258789,143.41000366210938
2012-10-23,111.24092102050781,141.4199981689453
2012-10-24,110.92626190185547,141.02000427246094
2012-10-25,111.24874114990234,141.42999267578125
2012-10-26,111.18582916259766,141.35000610351562
2012-10-31,111.18582916259766,141.35000610351562
2012-11-01,112.34999084472656,142.8300018310547
2012-11-02,111.35104370117188,141.55999755859375
2012-11-05,111.5791244506836,141.85000610351562
2012-11-06,112.45225524902344,142.9600067138672
2012-11-07,109.90367889404297,139.72000122070312
2012-11-08,108.58216094970703,138.0399932861328
2012-11-09,108.67659759521484,138.16000366210938
2012-11-12,108.76309967041016,138.27000427246094
2012-11-13,108.38556671142578,137.7899932861328
2012-11-14,106.92243957519531,135.92999267578125
2012-11-15,106.74156951904297,135.6999969482422
2012-11-16,107.26858520507812,136.3699951171875
2012-11-19,109.43958282470703,139.1300048828125
2012-11-20,109.48680114746094,139.19000244140625
2012-11-21,109.69129180908203,139.4499969482422
2012-11-23,111.18582916259766,141.35000610351562
2012-11-26,110.94985961914062,141.0500030517578
2012-11-27,110.38352966308594,140.3300018310547
2012-11-28,111.27238464355469,141.4600067138672
2012-11-29,111.7914810180664,142.1199951171875
2012-11-30,111.81510162353516,142.14999389648438
2012-12-03,111.26451110839844,141.4499969482422
2012-12-04,111.107177734375,141.25
2012-12-05,111.30384063720703,141.5
2012-12-06,111.68138122558594,141.97999572753906
2012-12-07,112.01960754394531,142.41000366210938
2012-12-10,112.06684112548828,142.47000122070312
2012-12-11,112.8298110961914,143.44000244140625
2012-12-12,112.88489532470703,143.50999450683594
2012-12-13,112.19268035888672,142.6300048828125
2012-12-14,111.77580261230469,142.10000610351562
2012-12-17,113.0893783569336,143.77000427246094
2012-12-18,114.3480224609375,145.3699951171875
2012-12-19,113.49842834472656,144.2899932861328
2012-12-20,114.15132141113281,145.1199951171875
2012-12-21,113.11515808105469,142.7899932861328
2012-12-24,112.76658630371094,142.35000610351562
2012-12-26,112.29129791259766,141.75
2012-12-27,112.14076232910156,141.55999755859375
2012-12-28,110.92871856689453,140.02999877929688
2012-12-31,112.81412506103516,142.41000366210938
2013-01-02,115.70557403564453,146.05999755859375
2013-01-03,115.4441146850586,145.72999572753906
2013-01-04,115.951171875,146.3699951171875
2013-01-07,115.63426208496094,145.97000122070312
2013-01-08,115.3015365600586,145.5500030517578
2013-01-09,115.5946044921875,145.9199981689453
2013-01-10,116.51359558105469,147.0800018310547
2013-01-11,116.50566864013672,147.07000732421875
2013-01-14,116.42646789550781,146.97000122070312
2013-01-15,116.50566864013672,147.07000732421875
2013-01-16,116.48983764648438,147.0500030517578
2013-01-17,117.24243927001953,148.0
2013-01-18,117.50381469726562,148.3300018310547
2013-01-22,118.13755798339844,149.1300048828125
2013-01-23,118.32763671875,149.3699951171875
2013-01-24,118.35934448242188,149.41000366210938
2013-01-25,119.02485656738281,150.25
2013-01-28,118.8822021484375,150.07000732421875
2013-01-29,119.34960174560547,150.66000366210938
2013-01-30,118.8822021484375,150.07000732421875
2013-01-31,118.58914184570312,149.6999969482422
2013-02-01,119.80902099609375,151.24000549316406
2013-02-04,118.46238708496094,149.5399932861328
2013-02-05,119.65855407714844,151.0500030517578
2013-02-06,119.74566650390625,151.16000366210938
2013-02-07,119.5872573852539,150.9600067138672
2013-02-08,120.25265502929688,151.8000030517578
2013-02-11,120.22888946533203,151.77000427246094
2013-02-12,120.42694091796875,152.02000427246094
2013-02-13,120.52989959716797,152.14999389648438
2013-02-14,120.64083862304688,152.2899932861328
2013-02-15,120.49826049804688,152.11000061035156
2013-02-19,121.40133666992188,153.25
2013-02-20,119.88825225830078,151.33999633789062
2013-02-21,119.15950012207031,150.4199981689453
2013-02-22,120.32403564453125,151.88999938964844
2013-02-25,118.03461456298828,149.0
2013-02-26,118.84263610839844,150.02000427246094
2013-02-27,120.33984375,151.91000366210938
2013-02-28,120.1021728515625,151.61000061035156
2013-03-01,120.49826049804688,152.11000061035156
2013-03-04,121.13993072509766,152.9199981689453
2013-03-05,122.22521209716797,154.2899932861328
2013-03-06,122.39159393310547,154.5
2013-03-07,122.61334991455078,154.77999877929688
2013-03-08,123.1362533569336,155.44000244140625
2013-03-11,123.60359191894531,156.02999877929688
2013-03-12,123.32626342773438,155.67999267578125
2013-03-13,123.50059509277344,155.89999389648438
2013-03-14,124.15813446044922,156.72999572753906
2013-03-15,123.99414825439453,155.8300018310547
2013-03-18,123.30986022949219,154.97000122070312
2013-03-19,123.02345275878906,154.61000061035156
2013-03-20,123.88278198242188,155.69000244140625
2013-03-21,122.82450103759766,154.36000061035156
2013-03-22,123.81114196777344,155.60000610351562
2013-03-25,123.29400634765625,154.9499969482422
2013-03-26,124.28063201904297,156.19000244140625
2013-03-27,124.28063201904297,156.19000244140625
2013-03-28,124.66256713867188,156.6699981689453
2013-04-01,124.16926574707031,156.0500030517578
2013-04-02,124.78199005126953,156.82000732421875
2013-04-03,123.51679992675781,155.22999572753906
2013-04-04,124.01807403564453,155.86000061035156
2013-04-05,123.46109771728516,155.16000366210938
2013-04-08,124.29654693603516,156.2100067138672
2013-04-09,124.72626495361328,156.75
2013-04-10,126.25395202636719,158.6699981689453
2013-04-11,126.667724609375,159.19000244140625
2013-04-12,126.35742950439453,158.8000030517578
2013-04-15,123.42921447753906,155.1199951171875
2013-04-16,125.25144958496094,157.41000366210938
2013-04-17,123.4212646484375,155.11000061035156
2013-04-18,122.64944458007812,154.13999938964844
2013-04-19,123.71569061279297,155.47999572753906
2013-04-22,124.26473999023438,156.1699981689453
2013-04-23,125.54580688476562,157.77999877929688
2013-04-24,125.62539672851562,157.8800048828125
2013-04-25,126.13462829589844,158.52000427246094
2013-04-26,125.91178894042969,158.24000549316406
2013-04-29,126.75526428222656,159.3000030517578
2013-04-30,127.05770111083984,159.67999267578125
2013-05-01,125.94368743896484,158.27999877929688
2013-05-02,127.1134033203125,159.75
2013-05-03,128.40240478515625,161.3699951171875
2013-05-06,128.7286376953125,161.77999877929688
2013-05-07,129.381103515625,162.60000610351562
2013-05-08,129.96990966796875,163.33999633789062
2013-05-09,129.6038818359375,162.8800048828125
2013-05-10,130.02565002441406,163.41000366210938
2013-05-13,130.1290283203125,163.5399932861328
2013-05-14,131.47373962402344,165.22999572753906
2013-05-15,132.1819610595703,166.1199951171875
2013-05-16,131.5613250732422,165.33999633789062
2013-05-17,132.83444213867188,166.94000244140625
2013-05-20,132.8264617919922,166.92999267578125
2013-05-21,133.01744079589844,167.1699981689453
2013-05-22,132.0308074951172,165.92999267578125
2013-05-23,131.6488800048828,165.4499969482422
2013-05-24,131.53744506835938,165.30999755859375
2013-05-28,132.32521057128906,166.3000030517578
2013-05-29,131.46583557128906,165.22000122070312
2013-05-30,131.95120239257812,165.8300018310547
2013-05-31,130.05738830566406,163.4499969482422
2013-06-03,130.77354431152344,164.35000610351562
2013-06-04,130.1449737548828,163.55999755859375
2013-06-05,128.32281494140625,161.27000427246094
2013-06-06,129.4845733642578,162.72999572753906
2013-06-07,131.13160705566406,164.8000030517578
2013-06-10,131.13160705566406,164.8000030517578
2013-06-11,129.77894592285156,163.10000610351562
2013-06-12,128.70477294921875,161.75
2013-06-13,130.6622314453125,164.2100067138672
2013-06-14,129.84263610839844,163.17999267578125
2013-06-17,130.8452606201172,164.44000244140625
2013-06-18,131.87957763671875,165.74000549316406
2013-06-19,130.05738830566406,163.4499969482422
2013-06-20,126.83484649658203,159.39999389648438
2013-06-21,127.24199676513672,159.07000732421875
2013-06-24,125.63418579101562,157.05999755859375
2013-06-25,126.84207916259766,158.57000732421875
2013-06-26,128.09793090820312,160.13999938964844
2013-06-27,128.84982299804688,161.0800018310547
2013-06-28,128.3218536376953,160.4199981689453
2013-07-01,129.07379150390625,161.36000061035156
2013-07-02,128.95382690429688,161.2100067138672
2013-07-03,129.00982666015625,161.27999877929688
2013-07-05,130.4016876220703,163.02000427246094
2013-07-08,131.14556884765625,163.9499969482422
2013-07-09,132.08944702148438,165.1300048828125
2013-07-10,132.13743591308594,165.19000244140625
2013-07-11,133.93727111816406,167.44000244140625
2013-07-12,133.9932403564453,167.50999450683594
2013-07-15,134.5051727294922,168.14999389648438
2013-07-16,134.00131225585938,167.52000427246094
2013-07-17,134.34519958496094,167.9499969482422
2013-07-18,135.0811767578125,168.8699951171875
2013-07-19,135.32107543945312,169.1699981689453
2013-07-22,135.58511352539062,169.5
2013-07-23,135.2971649169922,169.13999938964844
2013-07-24,134.8011932373047,168.52000427246094
2013-07-25,135.12913513183594,168.92999267578125
2013-07-26,135.27310180664062,169.11000061035156
2013-07-29,134.85711669921875,168.58999633789062
2013-07-30,134.85711669921875,168.58999633789062
2013-07-31,134.95323181152344,168.7100067138672
2013-08-01,136.51300048828125,170.66000366210938
2013-08-02,136.7449951171875,170.9499969482422
2013-08-05,136.54495239257812,170.6999969482422
2013-08-06,135.7690887451172,169.72999572753906
2013-08-07,135.32911682128906,169.17999267578125
2013-08-08,135.82505798339844,169.8000030517578
2013-08-09,135.43312072753906,169.30999755859375
2013-08-12,135.27310180664062,169.11000061035156
2013-08-13,135.67308044433594,169.61000061035156
2013-08-14,134.97714233398438,168.74000549316406
2013-08-15,133.08935546875,166.3800048828125
2013-08-16,132.64939880371094,165.8300018310547
2013-08-19,131.80154418945312,164.77000427246094
2013-08-20,132.44943237304688,165.5800018310547
2013-08-21,131.633544921875,164.55999755859375
2013-08-22,132.8334197998047,166.05999755859375
2013-08-23,133.28135681152344,166.6199951171875
2013-08-26,132.7854461669922,166.0
2013-08-27,130.6496124267578,163.3300018310547
2013-08-28,131.11361694335938,163.91000366210938
2013-08-29,131.32154846191406,164.1699981689453
2013-08-30,130.90560913085938,163.64999389648438
2013-09-03,131.49754333496094,164.38999938964844
2013-09-04,132.58546447753906,165.75
2013-09-05,132.75344848632812,165.9600067138672
2013-09-06,132.8173828125,166.0399932861328
2013-09-09,134.08929443359375,167.6300048828125
2013-09-10,135.0811767578125,168.8699951171875
2013-09-11,135.50511169433594,169.39999389648438
2013-09-12,135.14511108398438,168.9499969482422
2013-09-13,135.4490966796875,169.3300018310547
2013-09-16,136.23301696777344,170.30999755859375
2013-09-17,136.8409423828125,171.07000732421875
2013-09-18,138.4247589111328,173.0500030517578
2013-09-19,138.19284057617188,172.75999450683594
2013-09-20,137.22666931152344,170.72000122070312
2013-09-23,136.5916290283203,169.92999267578125
2013-09-24,136.2700958251953,169.52999877929688
2013-09-25,135.876220703125,169.0399932861328
2013-09-26,136.39869689941406,169.69000244140625
2013-09-27,135.77178955078125,168.91000366210938
2013-09-30,135.0482635498047,168.00999450683594
2013-10-01,136.11741638183594,169.33999633789062
2013-10-02,135.98873901367188,169.17999267578125
2013-10-03,134.7347869873047,167.6199951171875
2013-10-04,135.7556610107422,168.88999938964844
2013-10-07,134.58209228515625,167.42999267578125
2013-10-08,133.01470947265625,165.47999572753906
2013-10-09,133.1111602783203,165.60000610351562
2013-10-10,135.980712890625,169.1699981689453
2013-10-11,136.8568115234375,170.25999450683594
2013-10-14,137.40347290039062,170.94000244140625
2013-10-15,136.40673828125,169.6999969482422
2013-10-16,138.31178283691406,172.07000732421875
2013-10-17,139.23614501953125,173.22000122070312
2013-10-18,140.1765899658203,174.38999938964844
2013-10-21,140.1846160888672,174.39999389648438
2013-10-22,140.99649047851562,175.41000366210938
2013-10-23,140.32131958007812,174.57000732421875
2013-10-24,140.7875213623047,175.14999389648438
2013-10-25,141.43057250976562,175.9499969482422
2013-10-28,141.6556396484375,176.22999572753906
2013-10-29,142.41114807128906,177.1699981689453
2013-10-30,141.7038116455078,176.2899932861328
2013-10-31,141.3019561767578,175.7899932861328
2013-11-01,141.6395721435547,176.2100067138672
2013-11-04,142.13787841796875,176.8300018310547
2013-11-05,141.6878204345703,176.27000427246094
2013-11-06,142.41114807128906,177.1699981689453
2013-11-07,140.61070251464844,174.92999267578125
2013-11-08,142.50770568847656,177.2899932861328
2013-11-11,142.5317840576172,177.32000732421875
2013-11-12,142.24240112304688,176.9600067138672
2013-11-13,143.3838348388672,178.3800048828125
2013-11-14,144.0991668701172,179.27000427246094
2013-11-15,144.72616577148438,180.0500030517578
2013-11-18,144.2197723388672,179.4199981689453
2013-11-19,143.9063262939453,179.02999877929688
2013-11-20,143.45616149902344,178.47000122070312
2013-11-21,144.61363220214844,179.91000366210938
2013-11-22,145.33706665039062,180.80999755859375
2013-11-25,145.1924285888672,180.6300048828125
2013-11-26,145.2325897216797,180.67999267578125
2013-11-27,145.58627319335938,181.1199951171875
2013-11-29,145.4897918701172,181.0
2013-12-02,145.11199951171875,180.52999877929688
2013-12-03,144.48504638671875,179.75
2013-12-04,144.46896362304688,179.72999572753906
2013-12-05,143.83395385742188,178.94000244140625
2013-12-06,145.4416046142578,180.94000244140625
2013-12-09,145.81130981445312,181.39999389648438
2013-12-10,145.2888946533203,180.75
2013-12-11,143.6571044921875,178.72000122070312
2013-12-12,143.18289184570312,178.1300048828125
2013-12-13,143.1668701171875,178.11000061035156
2013-12-16,144.05908203125,179.22000122070312
2013-12-17,143.60086059570312,178.64999389648438
2013-12-18,146.05245971679688,181.6999969482422
2013-12-19,145.8836669921875,181.49000549316406
2013-12-20,146.73228454589844,181.55999755859375
2013-12-23,147.5161895751953,182.52999877929688
2013-12-24,147.83946228027344,182.92999267578125
2013-12-26,148.59109497070312,183.86000061035156
2013-12-27,148.5829620361328,183.85000610351562
2013-12-30,148.5587615966797,183.82000732421875
2013-12-31,149.2618865966797,184.69000244140625
2014-01-02,147.8313446044922,182.9199981689453
2014-01-03,147.80709838867188,182.88999938964844
2014-01-06,147.37876892089844,182.36000061035156
2014-01-07,148.2839813232422,183.47999572753906
2014-01-08,148.31631469726562,183.52000427246094
2014-01-09,148.4132843017578,183.63999938964844
2014-01-10,148.81736755371094,184.13999938964844
2014-01-13,146.8373260498047,181.69000244140625
2014-01-14,148.43751525878906,183.6699981689453
2014-01-15,149.23760986328125,184.66000366210938
2014-01-16,149.043701171875,184.4199981689453
2014-01-17,148.4132843017578,183.63999938964844
2014-01-21,148.8496551513672,184.17999267578125
2014-01-22,148.94668579101562,184.3000030517578
2014-01-23,147.72634887695312,182.7899932861328
2014-01-24,144.57444763183594,178.88999938964844
2014-01-27,143.8632354736328,178.00999450683594
2014-01-28,144.71990966796875,179.07000732421875
2014-01-29,143.32984924316406,177.35000610351562
2014-01-30,144.8491973876953,179.22999572753906
2014-01-31,144.0006103515625,178.17999267578125
2014-02-03,140.7598419189453,174.1699981689453
2014-02-04,141.74581909179688,175.38999938964844
2014-02-05,141.56802368164062,175.1699981689453
2014-02-06,143.43492126464844,177.47999572753906
2014-02-07,145.21287536621094,179.67999267578125
2014-02-10,145.4795684814453,180.00999450683594
2014-02-11,147.07171630859375,181.97999572753906
2014-02-12,147.14442443847656,182.07000732421875
2014-02-13,147.90408325195312,183.00999450683594
2014-02-14,148.72039794921875,184.02000427246094
2014-02-18,148.89820861816406,184.24000549316406
2014-02-19,147.9122314453125,183.02000427246094
2014-02-20,148.7850341796875,184.10000610351562
2014-02-21,148.61526489257812,183.88999938964844
2014-02-24,149.43968200683594,184.91000366210938
2014-02-25,149.38307189941406,184.83999633789062
2014-02-26,149.39117431640625,184.85000610351562
2014-02-27,150.17506408691406,185.82000732421875
2014-02-28,150.55496215820312,186.2899932861328
2014-03-03,149.49618530273438,184.97999572753906
2014-03-04,151.5974578857422,187.5800018310547
2014-03-05,151.73486328125,187.75
2014-03-06,152.08238220214844,188.17999267578125
2014-03-07,152.14703369140625,188.25999450683594
2014-03-10,152.0662078857422,188.16000366210938
2014-03-11,151.31460571289062,187.22999572753906
2014-03-12,151.35501098632812,187.27999877929688
2014-03-13,149.6578826904297,185.17999267578125
2014-03-14,149.23760986328125,184.66000366210938
2014-03-17,150.58726501464844,186.3300018310547
2014-03-18,151.66212463378906,187.66000366210938
2014-03-19,150.85398864746094,186.66000366210938
2014-03-20,151.73486328125,187.75
2014-03-21,151.1464080810547,186.1999969482422
2014-03-24,150.52130126953125,185.42999267578125
2014-03-25,151.23568725585938,186.30999755859375
2014-03-26,150.14793395996094,184.97000122070312
2014-03-27,149.8313446044922,184.5800018310547
2014-03-28,150.57000732421875,185.49000549316406
2014-03-31,151.80384826660156,187.00999450683594
2014-04-01,152.81039428710938,188.25
2014-04-02,153.3218231201172,188.8800048828125
2014-04-03,153.11888122558594,188.6300048828125
2014-04-04,151.3087158203125,186.39999389648438
2014-04-07,149.63650512695312,184.33999633789062
2014-04-08,150.25344848632812,185.10000610351562
2014-04-09,151.86880493164062,187.08999633789062
2014-04-10,148.6786346435547,183.16000366210938
2014-04-11,147.3392791748047,181.50999450683594
2014-04-14,148.50006103515625,182.94000244140625
2014-04-15,149.52284240722656,184.1999969482422
2014-04-16,151.08953857421875,186.1300048828125
2014-04-17,151.3006134033203,186.38999938964844
2014-04-21,151.82818603515625,187.0399932861328
2014-04-22,152.5181884765625,187.88999938964844
2014-04-23,152.1610107421875,187.4499969482422
2014-04-24,152.4695281982422,187.8300018310547
2014-04-25,151.21939086914062,186.2899932861328
2014-04-28,151.69837951660156,186.8800048828125
2014-04-29,152.4045867919922,187.75
2014-04-30,152.859130859375,188.30999755859375
2014-05-01,152.87539672851562,188.3300018310547
2014-05-02,152.65618896484375,188.05999755859375
2014-05-05,152.94842529296875,188.4199981689453
2014-05-06,151.61715698242188,186.77999877929688
2014-05-07,152.5100555419922,187.8800048828125
2014-05-08,152.34771728515625,187.67999267578125
2014-05-09,152.57501220703125,187.9600067138672
2014-05-12,154.060546875,189.7899932861328
2014-05-13,154.1985321044922,189.9600067138672
2014-05-14,153.4679412841797,189.05999755859375
2014-05-15,152.1204376220703,187.39999389648438
2014-05-16,152.6481170654297,188.0500030517578
2014-05-19,153.2081756591797,188.74000549316406
2014-05-20,152.2421875,187.5500030517578
2014-05-21,153.5247344970703,189.1300048828125
2014-05-22,153.89820861816406,189.58999633789062
2014-05-23,154.5150909423828,190.35000610351562
2014-05-27,155.46481323242188,191.52000427246094
2014-05-28,155.35118103027344,191.3800048828125
2014-05-29,156.15480041503906,192.3699951171875
2014-05-30,156.40646362304688,192.67999267578125
2014-06-02,156.58505249023438,192.89999389648438
2014-06-03,156.50387573242188,192.8000030517578
2014-06-04,156.82041931152344,193.19000244140625
2014-06-05,157.8432159423828,194.4499969482422
2014-06-06,158.59817504882812,195.3800048828125
2014-06-09,158.7604522705078,195.5800018310547
2014-06-10,158.77667236328125,195.60000610351562
2014-06-11,158.2247314453125,194.9199981689453
2014-06-12,157.1045379638672,193.5399932861328
2014-06-13,157.58349609375,194.1300048828125
2014-06-16,157.7133331298828,194.2899932861328
2014-06-17,158.1516876220703,194.8300018310547
2014-06-18,159.3124237060547,196.25999450683594
2014-06-19,159.49107360839844,196.47999572753906
2014-06-20,159.8148651123047,195.94000244140625
2014-06-23,159.76596069335938,195.8800048828125
2014-06-24,158.80345153808594,194.6999969482422
2014-06-25,159.52117919921875,195.5800018310547
2014-06-26,159.4070281982422,195.44000244140625
2014-06-27,159.71694946289062,195.82000732421875
2014-06-30,159.6354217529297,195.72000122070312
2014-07-01,160.703857421875,197.02999877929688
2014-07-02,160.86697387695312,197.22999572753906
2014-07-03,161.65818786621094,198.1999969482422
2014-07-07,161.09536743164062,197.50999450683594
2014-07-08,160.0595245361328,196.24000549316406
2014-07-09,160.7772979736328,197.1199951171875
2014-07-10,160.14111328125,196.33999633789062
2014-07-11,160.36134338378906,196.61000061035156
2014-07-14,161.1687469482422,197.60000610351562
2014-07-15,160.86697387695312,197.22999572753906
2014-07-16,161.46249389648438,197.9600067138672
2014-07-17,159.62725830078125,195.7100067138672
2014-07-18,161.2584991455078,197.7100067138672
2014-07-21,160.95675659179688,197.33999633789062
2014-07-22,161.65818786621094,198.1999969482422
2014-07-23,162.01710510253906,198.63999938964844
2014-07-24,162.0251922607422,198.64999389648438
2014-07-25,161.2666473388672,197.72000122070312
2014-07-28,161.3319091796875,197.8000030517578
2014-07-29,160.6386260986328,196.9499969482422
2014-07-30,160.66310119628906,196.97999572753906
2014-07-31,157.49032592773438,193.08999633789062
2014-08-01,157.0091552734375,192.5
2014-08-04,158.14283752441406,193.88999938964844
2014-08-05,156.60943603515625,192.00999450683594
2014-08-06,156.65834045410156,192.07000732421875
2014-08-07,155.81005859375,191.02999877929688
2014-08-08,157.61268615722656,193.24000549316406
2014-08-11,158.0693817138672,193.8000030517578
2014-08-12,157.84921264648438,193.52999877929688
2014-08-13,158.91766357421875,194.83999633789062
2014-08-14,159.66810607910156,195.75999450683594
2014-08-15,159.6354217529297,195.72000122070312
2014-08-18,160.97305297851562,197.36000061035156
2014-08-19,161.81320190429688,198.38999938964844
2014-08-20,162.24542236328125,198.9199981689453
2014-08-21,162.718505859375,199.5
2014-08-22,162.46566772460938,199.19000244140625
2014-08-25,163.2894744873047,200.1999969482422
2014-08-26,163.39547729492188,200.3300018310547
2014-08-27,163.33016967773438,200.25
2014-08-28,163.24046325683594,200.13999938964844
2014-08-29,163.7054443359375,200.7100067138672
2014-09-02,163.62384033203125,200.61000061035156
2014-09-03,163.5341339111328,200.5
2014-09-04,163.297607421875,200.2100067138672
2014-09-05,164.03167724609375,201.11000061035156
2014-09-08,163.60751342773438,200.58999633789062
2014-09-09,162.5717315673828,199.32000732421875
2014-09-10,163.1833953857422,200.07000732421875
2014-09-11,163.3710174560547,200.3000030517578
2014-09-12,162.4167022705078,199.1300048828125
2014-09-15,162.2943572998047,198.97999572753906
2014-09-16,163.5177764892578,200.47999572753906
2014-09-17,163.738037109375,200.75
2014-09-18,164.61074829101562,201.82000732421875
2014-09-19,164.46246337890625,200.6999969482422
2014-09-22,163.1923065185547,199.14999389648438
2014-09-23,162.25811767578125,198.00999450683594
2014-09-24,163.52828979492188,199.55999755859375
2014-09-25,160.8896942138672,196.33999633789062
2014-09-26,162.16798400878906,197.89999389648438
2014-09-29,161.873046875,197.5399932861328
2014-09-30,161.44686889648438,197.02000427246094
2014-10-01,159.25901794433594,194.35000610351562
2014-10-02,159.28355407714844,194.3800048828125
2014-10-03,161.03717041015625,196.52000427246094
2014-10-06,160.8486785888672,196.2899932861328
2014-10-07,158.36581420898438,193.25999450683594
2014-10-08,161.135498046875,196.63999938964844
2014-10-09,157.93968200683594,192.74000549316406
2014-10-10,156.13687133789062,190.5399932861328
2014-10-13,153.57203674316406,187.41000366210938
2014-10-14,153.80972290039062,187.6999969482422
2014-10-15,152.76893615722656,186.42999267578125
2014-10-16,152.6378631591797,186.27000427246094
2014-10-17,154.4406280517578,188.47000122070312
2014-10-20,155.94020080566406,190.3000030517578
2014-10-21,159.02952575683594,194.07000732421875
2014-10-22,157.8987579345703,192.69000244140625
2014-10-23,159.7342529296875,194.92999267578125
2014-10-24,160.9634552001953,196.42999267578125
2014-10-27,160.7421875,196.16000366210938
2014-10-28,162.58595275878906,198.41000366210938
2014-10-29,162.34011840820312,198.11000061035156
2014-10-30,163.38079833984375,199.3800048828125
2014-10-31,165.24913024902344,201.66000366210938
2014-11-03,165.3392333984375,201.77000427246094
2014-11-04,164.765625,201.07000732421875
2014-11-05,165.80630493164062,202.33999633789062
2014-11-06,166.47007751464844,203.14999389648438
2014-11-07,166.62579345703125,203.33999633789062
2014-11-10,167.15023803710938,203.97999572753906
2014-11-11,167.31410217285156,204.17999267578125
2014-11-12,167.13385009765625,203.9600067138672
2014-11-13,167.32232666015625,204.19000244140625
2014-11-14,167.36329650878906,204.24000549316406
2014-11-17,167.4698028564453,204.3699951171875
2014-11-18,168.436767578125,205.5500030517578
2014-11-19,168.16636657714844,205.22000122070312
2014-11-20,168.46133422851562,205.5800018310547
2014-11-21,169.3627166748047,206.67999267578125
2014-11-24,169.8380126953125,207.25999450683594
2014-11-25,169.71517944335938,207.11000061035156
2014-11-26,170.14942932128906,207.63999938964844
2014-11-28,169.78883361816406,207.1999969482422
2014-12-01,168.60885620117188,205.75999450683594
2014-12-02,169.6986846923828,207.08999633789062
2014-12-03,170.35430908203125,207.88999938964844
2014-12-04,170.165771484375,207.66000366210938
2014-12-05,170.44435119628906,208.0
2014-12-08,169.3053436279297,206.61000061035156
2014-12-09,169.19058227539062,206.47000122070312
2014-12-10,166.478271484375,203.16000366210938
2014-12-11,167.32232666015625,204.19000244140625
2014-12-12,164.6180877685547,200.88999938964844
2014-12-15,163.48728942871094,199.50999450683594
2014-12-16,162.1761474609375,197.91000366210938
2014-12-17,165.3556671142578,201.7899932861328
2014-12-18,169.4446563720703,206.77999877929688
2014-12-19,170.16561889648438,206.52000427246094
2014-12-22,170.94839477539062,207.47000122070312
2014-12-23,171.17913818359375,207.75
2014-12-24,171.1956024169922,207.77000427246094
2014-12-26,171.74769592285156,208.44000244140625
2014-12-29,171.97840881347656,208.72000122070312
2014-12-30,171.05548095703125,207.60000610351562
2014-12-31,169.35809326171875,205.5399932861328
2015-01-02,169.26747131347656,205.42999267578125
2015-01-05,166.21060180664062,201.72000122070312
2015-01-06,164.64503479003906,199.82000732421875
2015-01-07,166.69671630859375,202.30999755859375
2015-01-08,169.65478515625,205.89999389648438
2015-01-09,168.2952423095703,204.25
2015-01-12,166.97691345214844,202.64999389648438
2015-01-13,166.5072479248047,202.0800018310547
2015-01-14,165.50201416015625,200.86000061035156
2015-01-15,163.9859161376953,199.02000427246094
2015-01-16,166.13645935058594,201.6300048828125
2015-01-20,166.49075317382812,202.05999755859375
2015-01-21,167.33120727539062,203.0800018310547
2015-01-22,169.819580078125,206.10000610351562
2015-01-23,168.88853454589844,204.97000122070312
2015-01-26,169.2840118408203,205.4499969482422
2015-01-27,167.05105590820312,202.74000549316406
2015-01-28,164.90878295898438,200.13999938964844
2015-01-29,166.43307495117188,201.99000549316406
2015-01-30,164.3402099609375,199.4499969482422
2015-02-02,166.3754425048828,201.9199981689453
2015-02-03,168.78135681152344,204.83999633789062
2015-02-04,168.13865661621094,204.05999755859375
2015-02-05,169.83607482910156,206.1199951171875
2015-02-06,169.36636352539062,205.5500030517578
2015-02-09,168.60836791992188,204.6300048828125
2015-02-10,170.4046173095703,206.80999755859375
2015-02-11,170.50338745117188,206.92999267578125
2015-02-12,172.14315795898438,208.9199981689453
2015-02-13,172.851806640625,209.77999877929688
2015-02-17,173.1237335205078,210.11000061035156
2015-02-18,173.14015197753906,210.1300048828125
2015-02-19,173.01654052734375,209.97999572753906
2015-02-20,174.0547332763672,211.24000549316406
2015-02-23,174.03004455566406,211.2100067138672
2015-02-24,174.5243682861328,211.80999755859375
2015-02-25,174.37611389160156,211.6300048828125
2015-02-26,174.170166015625,211.3800048828125
2015-02-27,173.57687377929688,210.66000366210938
2015-03-02,174.67279052734375,211.99000549316406
2015-03-03,173.9558868408203,211.1199951171875
2015-03-04,173.2225799560547,210.22999572753906
2015-03-05,173.41204833984375,210.4600067138672
2015-03-06,170.97317504882812,207.5
2015-03-09,171.68170166015625,208.36000061035156
2015-03-10,168.89671325683594,204.97999572753906
2015-03-11,168.50125122070312,204.5
2015-03-12,170.6435546875,207.10000610351562
2015-03-13,169.5970916748047,205.8300018310547
2015-03-16,171.86302185058594,208.5800018310547
2015-03-17,171.3521728515625,207.9600067138672
2015-03-18,173.41204833984375,210.4600067138672
2015-03-19,172.62106323242188,209.5
2015-03-20,174.144775390625,210.41000366210938
2015-03-23,173.80545043945312,210.0
2015-03-24,172.82882690429688,208.82000732421875
2015-03-25,170.29623413085938,205.75999450683594
2015-03-26,169.89071655273438,205.27000427246094
2015-03-27,170.27967834472656,205.74000549316406
2015-03-30,172.35704040527344,208.25
2015-03-31,170.8507537841797,206.42999267578125
2015-04-01,170.24655151367188,205.6999969482422
2015-04-02,170.85903930664062,206.44000244140625
2015-04-06,172.00949096679688,207.8300018310547
2015-04-07,171.5542449951172,207.27999877929688
2015-04-08,172.13357543945312,207.97999572753906
2015-04-09,172.89501953125,208.89999389648438
2015-04-10,173.83851623535156,210.0399932861328
2015-04-13,173.05223083496094,209.08999633789062
2015-04-14,173.3833465576172,209.49000549316406
2015-04-15,174.16131591796875,210.42999267578125
2015-04-16,174.11166381835938,210.3699951171875
2015-04-17,172.10874938964844,207.9499969482422
2015-04-20,173.6812286376953,209.85000610351562
2015-04-21,173.474365234375,209.60000610351562
2015-04-22,174.32679748535156,210.6300048828125
2015-04-23,174.76547241210938,211.16000366210938
2015-04-24,175.17103576660156,211.64999389648438
2015-04-27,174.44277954101562,210.77000427246094
2015-04-28,174.99725341796875,211.44000244140625
2015-04-29,174.27719116210938,210.57000732421875
2015-04-30,172.53085327148438,208.4600067138672
2015-05-01,174.40133666992188,210.72000122070312
2015-05-04,174.89793395996094,211.32000732421875
2015-05-05,172.89501953125,208.89999389648438
2015-05-06,172.18328857421875,208.0399932861328
2015-05-07,172.87020874023438,208.8699951171875
2015-05-08,175.14617919921875,211.6199951171875
2015-05-11,174.310302734375,210.61000061035156
2015-05-12,173.78884887695312,209.97999572753906
2015-05-13,173.82200622558594,210.02000427246094
2015-05-14,175.6345672607422,212.2100067138672
2015-05-15,175.8249053955078,212.44000244140625
2015-05-18,176.37115478515625,213.10000610351562
2015-05-19,176.3131866455078,213.02999877929688
2015-05-20,176.18905639648438,212.8800048828125
2015-05-21,176.70220947265625,213.5
2015-05-22,176.2801055908203,212.99000549316406
2015-05-26,174.38478088378906,210.6999969482422
2015-05-27,176.0400848388672,212.6999969482422
2015-05-28,175.84144592285156,212.4600067138672
2015-05-29,174.74891662597656,211.13999938964844
2015-06-01,175.10484313964844,211.57000732421875
2015-06-02,174.93099975585938,211.36000061035156
2015-06-03,175.39451599121094,211.9199981689453
2015-06-04,173.9130096435547,210.1300048828125
2015-06-05,173.61509704589844,209.77000427246094
2015-06-08,172.54739379882812,208.47999572753906
2015-06-09,172.52261352539062,208.4499969482422
2015-06-10,174.59164428710938,210.9499969482422
2015-06-11,175.15447998046875,211.6300048828125
2015-06-12,173.81370544433594,210.00999450683594
2015-06-15,173.06884765625,209.11000061035156
2015-06-16,174.01229858398438,210.25
2015-06-17,174.29373168945312,210.58999633789062
2015-06-18,176.1062774658203,212.77999877929688
2015-06-19,175.324462890625,210.80999755859375
2015-06-22,176.22276306152344,211.88999938964844
2015-06-23,176.3474578857422,212.0399932861328
2015-06-24,175.06666564941406,210.5
2015-06-25,174.53443908691406,209.86000061035156
2015-06-26,174.5011749267578,209.82000732421875
2015-06-29,170.84181213378906,205.4199981689453
2015-06-30,171.199462890625,205.85000610351562
2015-07-01,172.57168579101562,207.5
2015-07-02,172.41368103027344,207.30999755859375
2015-07-06,171.9230194091797,206.72000122070312
2015-07-07,173.0041961669922,208.02000427246094
2015-07-08,170.10157775878906,204.52999877929688
2015-07-09,170.4093780517578,204.89999389648438
2015-07-10,172.55508422851562,207.47999572753906
2015-07-13,174.45960998535156,209.77000427246094
2015-07-14,175.21641540527344,210.67999267578125
2015-07-15,175.1581573486328,210.61000061035156
2015-07-16,176.563720703125,212.3000030517578
2015-07-17,176.71339416503906,212.47999572753906
2015-07-20,176.8048858642578,212.58999633789062
2015-07-21,176.1062774658203,211.75
2015-07-22,175.79025268554688,211.3699951171875
2015-07-23,174.80056762695312,210.17999267578125
2015-07-24,172.98751831054688,208.0
2015-07-27,171.981201171875,206.7899932861328
2015-07-28,174.09368896484375,209.3300018310547
2015-07-29,175.29122924804688,210.77000427246094
2015-07-30,175.3328094482422,210.82000732421875
2015-07-31,175.06666564941406,210.5
2015-08-03,174.47621154785156,209.7899932861328
2015-08-04,174.13523864746094,209.3800048828125
2015-08-05,174.70904541015625,210.07000732421875
2015-08-06,173.27862548828125,208.35000610351562
2015-08-07,172.94586181640625,207.9499969482422
2015-08-10,175.125,210.57000732421875
2015-08-11,173.54476928710938,208.6699981689453
2015-08-12,173.75270080566406,208.9199981689453
2015-08-13,173.5364532470703,208.66000366210938
2015-08-14,174.1685028076172,209.4199981689453
2015-08-17,175.1415557861328,210.58999633789062
2015-08-18,174.6342010498047,209.97999572753906
2015-08-19,173.25369262695312,208.32000732421875
2015-08-20,169.63587951660156,203.97000122070312
2015-08-21,164.5293426513672,197.8300018310547
2015-08-24,157.60159301757812,189.5
2015-08-25,155.7469482421875,187.27000427246094
2015-08-26,161.72666931152344,194.4600067138672
2015-08-27,165.72705078125,199.27000427246094
2015-08-28,165.73529052734375,199.27999877929688
2015-08-31,164.3963623046875,197.6699981689453
2015-09-01,159.48947143554688,191.77000427246094
2015-09-02,162.5167999267578,195.41000366210938
2015-09-03,162.63323974609375,195.5500030517578
2015-09-04,160.1714630126953,192.58999633789062
2015-09-08,164.19674682617188,197.42999267578125
2015-09-09,162.00119018554688,194.7899932861328
2015-09-10,162.88275146484375,195.85000610351562
2015-09-11,163.6229248046875,196.74000549316406
2015-09-14,163.01577758789062,196.00999450683594
2015-09-15,165.0533447265625,198.4600067138672
2015-09-16,166.48388671875,200.17999267578125
2015-09-17,166.10958862304688,199.72999572753906
2015-09-18,163.3951416015625,195.4499969482422
2015-09-21,164.23947143554688,196.4600067138672
2015-09-22,162.1077117919922,193.91000366210938
2015-09-23,161.8485565185547,193.60000610351562
2015-09-24,161.2633514404297,192.89999389648438
2015-09-25,161.22157287597656,192.85000610351562
2015-09-28,157.17535400390625,188.00999450683594
2015-09-29,157.26727294921875,188.1199951171875
2015-09-30,160.20167541503906,191.6300048828125
2015-10-01,160.61964416503906,192.1300048828125
2015-10-02,163.01893615722656,195.0
2015-10-05,165.9198455810547,198.47000122070312
2015-10-06,165.35137939453125,197.7899932861328
2015-10-07,166.70565795898438,199.41000366210938
2015-10-08,168.21046447753906,201.2100067138672
2015-10-09,168.31077575683594,201.3300018310547
2015-10-12,168.46958923339844,201.52000427246094
2015-10-13,167.40786743164062,200.25
2015-10-14,166.60536193847656,199.2899932861328
2015-10-15,169.1634979248047,202.35000610351562
2015-10-16,169.93264770507812,203.27000427246094
2015-10-19,170.01626586914062,203.3699951171875
2015-10-20,169.798828125,203.11000061035156
2015-10-21,168.7454833984375,201.85000610351562
2015-10-22,171.59622192382812,205.25999450683594
2015-10-23,173.47715759277344,207.50999450683594
2015-10-26,173.05084228515625,207.0
2015-10-27,172.71649169921875,206.60000610351562
2015-10-28,174.68109130859375,208.9499969482422
2015-10-29,174.5807342529297,208.8300018310547
2015-10-30,173.82826232910156,207.92999267578125
2015-11-02,175.88491821289062,210.38999938964844
2015-11-03,176.39480590820312,211.0
2015-11-04,175.85975646972656,210.36000061035156
2015-11-05,175.6842803955078,210.14999389648438
2015-11-06,175.59226989746094,210.0399932861328
2015-11-09,173.95376586914062,208.0800018310547
2015-11-10,174.35501098632812,208.55999755859375
2015-11-11,173.6695098876953,207.74000549316406
2015-11-12,171.24510192871094,204.83999633789062
2015-11-13,169.32232666015625,202.5399932861328
2015-11-16,171.8971710205078,205.6199951171875
2015-11-17,171.7718048095703,205.47000122070312
2015-11-18,174.49710083007812,208.72999572753906
2015-11-19,174.34666442871094,208.5500030517578
2015-11-20,174.9820098876953,209.30999755859375
2015-11-23,174.78140258789062,209.07000732421875
2015-11-24,175.0155029296875,209.35000610351562
2015-11-25,174.9903564453125,209.32000732421875
2015-11-27,175.1910400390625,209.55999755859375
2015-11-30,174.46371459960938,208.69000244140625
2015-12-01,176.1273193359375,210.67999267578125
2015-12-02,174.3299102783203,208.52999877929688
2015-12-03,171.88880920410156,205.61000061035156
2015-12-04,175.2411651611328,209.6199951171875
2015-12-07,174.17945861816406,208.35000610351562
2015-12-08,173.0089874267578,206.9499969482422
2015-12-09,171.66311645507812,205.33999633789062
2015-12-10,172.1061553955078,205.8699951171875
2015-12-11,168.77053833007812,201.8800048828125
2015-12-14,169.62330627441406,202.89999389648438
2015-12-15,171.4040069580078,205.02999877929688
2015-12-16,173.91195678710938,208.02999877929688
2015-12-17,171.26182556152344,204.86000061035156
2015-12-18,168.21080017089844,200.02000427246094
2015-12-21,169.59840393066406,201.6699981689453
2015-12-22,171.1374053955078,203.5
2015-12-23,173.25662231445312,206.02000427246094
2015-12-24,172.97067260742188,205.67999267578125
2015-12-28,172.57542419433594,205.2100067138672
2015-12-29,174.4171600341797,207.39999389648438
2015-12-30,173.18092346191406,205.92999267578125
2015-12-31,171.44854736328125,203.8699951171875
2016-01-04,169.0517578125,201.02000427246094
2016-01-05,169.3376922607422,201.36000061035156
2016-01-06,167.2015838623047,198.82000732421875
2016-01-07,163.19020080566406,194.0500030517578
2016-01-08,161.3989715576172,191.9199981689453
2016-01-11,161.55870056152344,192.11000061035156
2016-01-12,162.86216735839844,193.66000366210938
2016-01-13,158.8003387451172,188.8300018310547
2016-01-14,161.40736389160156,191.92999267578125
2016-01-15,157.94253540039062,187.80999755859375
2016-01-19,158.15277099609375,188.05999755859375
2016-01-20,156.12608337402344,185.64999389648438
2016-01-21,157.00067138671875,186.69000244140625
2016-01-22,160.22157287597656,190.52000427246094
2016-01-25,157.79962158203125,187.63999938964844
2016-01-26,159.95249938964844,190.1999969482422
2016-01-27,158.2116241455078,188.1300048828125
2016-01-28,159.03582763671875,189.11000061035156
2016-01-29,162.91265869140625,193.72000122070312
2016-02-01,162.85379028320312,193.64999389648438
2016-02-02,159.9188232421875,190.16000366210938
2016-02-03,160.87753295898438,191.3000030517578
2016-02-04,161.12979125976562,191.60000610351562
2016-02-05,158.06028747558594,187.9499969482422
2016-02-08,155.93263244628906,185.4199981689453
2016-02-09,155.94102478027344,185.42999267578125
2016-02-10,155.80645751953125,185.27000427246094
2016-02-11,153.77976989746094,182.86000061035156
2016-02-12,156.95022583007812,186.6300048828125
2016-02-16,159.59927368164062,189.77999877929688
2016-02-17,162.206298828125,192.8800048828125
2016-02-18,161.54188537597656,192.08999633789062
2016-02-19,161.46617126464844,192.0
2016-02-22,163.80410766601562,194.77999877929688
2016-02-23,161.73533630371094,192.32000732421875
2016-02-24,162.47537231445312,193.1999969482422
2016-02-25,164.44326782226562,195.5399932861328
2016-02-26,164.06480407714844,195.08999633789062
2016-02-29,162.778076171875,193.55999755859375
2016-03-01,166.60458374023438,198.11000061035156
2016-03-02,167.35305786132812,199.0
2016-03-03,168.00892639160156,199.77999877929688
2016-03-04,168.5556182861328,200.42999267578125
2016-03-07,168.6901397705078,200.58999633789062
2016-03-08,166.848388671875,198.39999389648438
2016-03-09,167.67254638671875,199.3800048828125
2016-03-10,167.80711364746094,199.5399932861328
2016-03-11,170.5150909423828,202.75999450683594
2016-03-14,170.29644775390625,202.5
2016-03-15,170.01889038085938,202.1699981689453
2016-03-16,171.00279235839844,203.33999633789062
2016-03-17,172.087646484375,204.6300048828125
2016-03-18,172.76393127441406,204.3800048828125
2016-03-21,173.00906372070312,204.6699981689453
2016-03-22,172.9160614013672,204.55999755859375
2016-03-23,171.7749481201172,203.2100067138672
2016-03-24,171.69883728027344,203.1199951171875
2016-03-28,171.80026245117188,203.24000549316406
2016-03-29,173.38937377929688,205.1199951171875
2016-03-30,174.15025329589844,206.02000427246094
2016-03-31,173.72752380371094,205.52000427246094
2016-04-01,174.91099548339844,206.9199981689453
2016-04-04,174.34466552734375,206.25
2016-04-05,172.60330200195312,204.19000244140625
2016-04-06,174.4883575439453,206.4199981689453
2016-04-07,172.40040588378906,203.9499969482422
2016-04-08,172.86532592773438,204.5
2016-04-11,172.45957946777344,204.02000427246094
2016-04-12,174.06568908691406,205.9199981689453
2016-04-13,175.8238983154297,208.0
2016-04-14,175.83236694335938,208.00999450683594
2016-04-15,175.637939453125,207.77999877929688
2016-04-18,176.87208557128906,209.24000549316406
2016-04-19,177.43003845214844,209.89999389648438
2016-04-20,177.59909057617188,210.10000610351562
2016-04-21,176.64382934570312,208.97000122070312
2016-04-22,176.64382934570312,208.97000122070312
2016-04-25,176.33958435058594,208.61000061035156
2016-04-26,176.60159301757812,208.9199981689453
2016-04-27,176.965087890625,209.35000610351562
2016-04-28,175.35902404785156,207.4499969482422
2016-04-29,174.4122772216797,206.3300018310547
2016-05-02,175.798583984375,207.97000122070312
2016-05-03,174.26853942871094,206.16000366210938
2016-05-04,173.2964630126953,205.00999450683594
2016-05-05,173.26268005371094,204.97000122070312
2016-05-06,173.89662170410156,205.72000122070312
2016-05-09,174.04034423828125,205.88999938964844
2016-05-10,176.2042999267578,208.4499969482422
2016-05-11,174.5559539794922,206.5
2016-05-12,174.60665893554688,206.55999755859375
2016-05-13,173.08506774902344,204.75999450683594
2016-05-16,174.79263305664062,206.77999877929688
2016-05-17,173.1612091064453,204.85000610351562
2016-05-18,173.21192932128906,204.91000366210938
2016-05-19,172.6117401123047,204.1999969482422
2016-05-20,173.70225524902344,205.49000549316406
2016-05-23,173.46551513671875,205.2100067138672
2016-05-24,175.7139892578125,207.8699951171875
2016-05-25,176.90589904785156,209.27999877929688
2016-05-26,176.95660400390625,209.33999633789062
2016-05-27,177.7174072265625,210.24000549316406
2016-05-31,177.3792724609375,209.83999633789062
2016-06-01,177.7427520751953,210.27000427246094
2016-06-02,178.28378295898438,210.91000366210938
2016-06-03,177.75125122070312,210.27999877929688
2016-06-06,178.6556854248047,211.35000610351562
2016-06-07,178.9346923828125,211.67999267578125
2016-06-08,179.5178985595703,212.3699951171875
2016-06-09,179.27279663085938,212.0800018310547
2016-06-10,177.57366943359375,210.07000732421875
2016-06-13,176.2042999267578,208.4499969482422
2016-06-14,175.8577423095703,208.0399932861328
2016-06-15,175.61260986328125,207.75
2016-06-16,176.13671875,208.3699951171875
2016-06-17,175.48072814941406,206.52000427246094
2016-06-20,176.61082458496094,207.85000610351562
2016-06-21,177.11216735839844,208.44000244140625
2016-06-22,176.82322692871094,208.10000610351562
2016-06-23,179.12594604492188,210.80999755859375
2016-06-24,172.6937255859375,203.24000549316406
2016-06-27,169.60076904296875,199.60000610351562
2016-06-28,172.6597137451172,203.1999969482422
2016-06-29,175.5996551513672,206.66000366210938
2016-06-30,177.99583435058594,209.47999572753906
2016-07-01,178.36968994140625,209.9199981689453
2016-07-05,177.0866241455078,208.41000366210938
2016-07-06,178.14881896972656,209.66000366210938
2016-07-07,178.038330078125,209.52999877929688
2016-07-08,180.68939208984375,212.64999389648438
2016-07-11,181.32664489746094,213.39999389648438
2016-07-12,182.64370727539062,214.9499969482422
2016-07-13,182.61817932128906,214.9199981689453
2016-07-14,183.6378631591797,216.1199951171875
2016-07-15,183.39144897460938,215.8300018310547
2016-07-18,183.88424682617188,216.41000366210938
2016-07-19,183.69735717773438,216.19000244140625
2016-07-20,184.4620819091797,217.08999633789062
2016-07-21,183.76527404785156,216.27000427246094
2016-07-22,184.58956909179688,217.24000549316406
2016-07-25,184.08822631835938,216.64999389648438
2016-07-26,184.1732177734375,216.75
2016-07-27,183.9777069091797,216.52000427246094
2016-07-28,184.19020080566406,216.77000427246094
2016-07-29,184.487548828125,217.1199951171875
2016-08-01,184.3346710205078,216.94000244140625
2016-08-02,183.15353393554688,215.5500030517578
2016-08-03,183.68885803222656,216.17999267578125
2016-08-04,183.88424682617188,216.41000366210938
2016-08-05,185.38827514648438,218.17999267578125
2016-08-08,185.27777099609375,218.0500030517578
2016-08-09,185.38827514648438,218.17999267578125
2016-08-10,184.92938232421875,217.63999938964844
2016-08-11,185.7876739501953,218.64999389648438
2016-08-12,185.626220703125,218.4600067138672
2016-08-15,186.16146850585938,219.08999633789062
2016-08-16,185.2013397216797,217.9600067138672
2016-08-17,185.5496826171875,218.3699951171875
2016-08-18,185.96603393554688,218.86000061035156
2016-08-19,185.6941375732422,218.5399932861328
2016-08-22,185.68565368652344,218.52999877929688
2016-08-23,186.0595245361328,218.97000122070312
2016-08-24,185.1078643798828,217.85000610351562
2016-08-25,184.9803924560547,217.6999969482422
2016-08-26,184.6320343017578,217.2899932861328
2016-08-29,185.5411834716797,218.36000061035156
2016-08-30,185.23526000976562,218.0
2016-08-31,184.70848083496094,217.3800048828125
2016-09-01,184.7169952392578,217.38999938964844
2016-09-02,185.5496826171875,218.3699951171875
2016-09-06,186.1104736328125,219.02999877929688
2016-09-07,186.093505859375,219.00999450683594
2016-09-08,185.6686248779297,218.50999450683594
2016-09-09,181.2246551513672,213.27999877929688
2016-09-12,183.82479858398438,216.33999633789062
2016-09-13,181.18223571777344,213.22999572753906
2016-09-14,181.11422729492188,213.14999389648438
2016-09-15,182.9241180419922,215.27999877929688
2016-09-16,182.21705627441406,213.3699951171875
2016-09-19,182.25119018554688,213.41000366210938
2016-09-20,182.25970458984375,213.4199981689453
2016-09-21,184.3092498779297,215.82000732421875
2016-09-22,185.47067260742188,217.17999267578125
2016-09-23,184.4544677734375,215.99000549316406
2016-09-26,182.95994567871094,214.24000549316406
2016-09-27,184.09579467773438,215.57000732421875
2016-09-28,185.0095672607422,216.63999938964844
2016-09-29,183.33575439453125,214.67999267578125
2016-09-30,184.71920776367188,216.3000030517578
2016-10-03,184.2751007080078,215.77999877929688
2016-10-04,183.33575439453125,214.67999267578125
2016-10-05,184.1470184326172,215.6300048828125
2016-10-06,184.2751007080078,215.77999877929688
2016-10-07,183.64317321777344,215.0399932861328
2016-10-10,184.5996551513672,216.16000366210938
2016-10-11,182.26824951171875,213.42999267578125
2016-10-12,182.50733947753906,213.7100067138672
2016-10-13,181.90956115722656,213.00999450683594
2016-10-14,182.00350952148438,213.1199951171875
2016-10-17,181.37155151367188,212.3800048828125
2016-10-18,182.50733947753906,213.7100067138672
2016-10-19,182.99412536621094,214.27999877929688
2016-10-20,182.6525115966797,213.8800048828125
2016-10-21,182.73794555664062,213.97999572753906
2016-10-24,183.5150909423828,214.88999938964844
2016-10-25,182.9001922607422,214.1699981689453
2016-10-26,182.53297424316406,213.74000549316406
2016-10-27,182.0462188720703,213.1699981689453
2016-10-28,181.50816345214844,212.5399932861328
2016-10-31,181.51670837402344,212.5500030517578
2016-11-01,180.20156860351562,211.00999450683594
2016-11-02,179.1170196533203,209.74000549316406
2016-11-03,178.2971649169922,208.77999877929688
2016-11-04,178.10072326660156,208.5500030517578
2016-11-07,182.0290985107422,213.14999389648438
2016-11-08,182.84896850585938,214.11000061035156
2016-11-09,184.78750610351562,216.3800048828125
2016-11-10,185.2487030029297,216.9199981689453
2016-11-11,184.82164001464844,216.4199981689453
2016-11-14,184.9668731689453,216.58999633789062
2016-11-15,186.41012573242188,218.27999877929688
2016-11-16,186.0599822998047,217.8699951171875
2016-11-17,187.0164794921875,218.99000549316406
2016-11-18,186.59803771972656,218.5
2016-11-21,188.00709533691406,220.14999389648438
2016-11-22,188.37429809570312,220.5800018310547
2016-11-23,188.47683715820312,220.6999969482422
2016-11-25,189.17710876464844,221.52000427246094
2016-11-28,188.2888946533203,220.47999572753906
2016-11-29,188.65611267089844,220.91000366210938
2016-11-30,188.20350646972656,220.3800048828125
2016-12-01,187.51177978515625,219.57000732421875
2016-12-02,187.60572814941406,219.67999267578125
2016-12-05,188.73300170898438,221.0
2016-12-06,189.33078002929688,221.6999969482422
2016-12-07,191.80738830566406,224.60000610351562
2016-12-08,192.27703857421875,225.14999389648438
2016-12-09,193.43846130371094,226.50999450683594
2016-12-12,193.2164306640625,226.25
2016-12-13,194.50599670410156,227.75999450683594
2016-12-14,192.90049743652344,225.8800048828125
2016-12-15,193.69467163085938,226.80999755859375
2016-12-16,193.3158416748047,225.0399932861328
2016-12-19,193.73678588867188,225.52999877929688
2016-12-20,194.484130859375,226.39999389648438
2016-12-21,193.9429931640625,225.77000427246094
2016-12-22,193.60792541503906,225.3800048828125
2016-12-23,193.8914031982422,225.7100067138672
2016-12-27,194.37245178222656,226.27000427246094
2016-12-28,192.76609802246094,224.39999389648438
2016-12-29,192.72320556640625,224.35000610351562
2016-12-30,192.01873779296875,223.52999877929688
2017-01-03,193.4876708984375,225.24000549316406
2017-01-04,194.63877868652344,226.5800018310547
2017-01-05,194.484130859375,226.39999389648438
2017-01-06,195.1799774169922,227.2100067138672
2017-01-09,194.53567504882812,226.4600067138672
2017-01-10,194.53567504882812,226.4600067138672
2017-01-11,195.08547973632812,227.10000610351562
2017-01-12,194.59584045410156,226.52999877929688
2017-01-13,195.04254150390625,227.0500030517578
2017-01-17,194.3552703857422,226.25
2017-01-18,194.78480529785156,226.75
2017-01-19,194.06324768066406,225.91000366210938
2017-01-20,194.7762451171875,226.74000549316406
2017-01-23,194.26939392089844,226.14999389648438
2017-01-24,195.5149688720703,227.60000610351562
2017-01-25,197.20730590820312,229.57000732421875
2017-01-26,197.00106811523438,229.3300018310547
2017-01-27,196.69187927246094,228.97000122070312
2017-01-30,195.4720458984375,227.5500030517578
2017-01-31,195.454833984375,227.52999877929688
2017-02-01,195.5321807861328,227.6199951171875
2017-02-02,195.66099548339844,227.77000427246094
2017-02-03,197.0096893310547,229.33999633789062
2017-02-06,196.657470703125,228.92999267578125
2017-02-07,196.66607666015625,228.94000244140625
2017-02-08,196.92379760742188,229.24000549316406
2017-02-09,198.09205627441406,230.60000610351562
2017-02-10,198.87379455566406,231.50999450683594
2017-02-13,199.9561767578125,232.77000427246094
2017-02-14,200.75509643554688,233.6999969482422
2017-02-15,201.80308532714844,234.9199981689453
2017-02-16,201.6313018798828,234.72000122070312
2017-02-17,201.94911193847656,235.08999633789062
2017-02-21,203.15174865722656,236.49000549316406
2017-02-22,202.97132873535156,236.27999877929688
2017-02-23,203.1088104248047,236.44000244140625
2017-02-24,203.3665008544922,236.74000549316406
2017-02-27,203.68435668945312,237.11000061035156
2017-02-28,203.1345977783203,236.47000122070312
2017-03-01,205.9779510498047,239.77999877929688
2017-03-02,204.6807861328125,238.27000427246094
2017-03-03,204.80972290039062,238.4199981689453
2017-03-06,204.19976806640625,237.7100067138672
2017-03-07,203.58984375,237.0
2017-03-08,203.21185302734375,236.55999755859375
2017-03-09,203.46963500976562,236.86000061035156
2017-03-10,204.18258666992188,237.69000244140625
2017-03-13,204.28567504882812,237.80999755859375
2017-03-14,203.50396728515625,236.89999389648438
2017-03-15,205.26495361328125,238.9499969482422
2017-03-16,204.86122131347656,238.47999572753906
2017-03-17,204.50146484375,237.02999877929688
2017-03-20,204.27716064453125,236.77000427246094
2017-03-21,201.65428161621094,233.72999572753906
2017-03-22,202.12881469726562,234.27999877929688
2017-03-23,201.9130859375,234.02999877929688
2017-03-24,201.76646423339844,233.86000061035156
2017-03-27,201.55943298339844,233.6199951171875
2017-03-28,203.026123046875,235.32000732421875
2017-03-29,203.21592712402344,235.5399932861328
2017-03-30,203.86300659179688,236.2899932861328
2017-03-31,203.38848876953125,235.74000549316406
2017-04-03,203.03466796875,235.3300018310547
2017-04-04,203.16412353515625,235.47999572753906
2017-04-05,202.56019592285156,234.77999877929688
2017-04-06,203.12966918945312,235.44000244140625
2017-04-07,202.92259216308594,235.1999969482422
2017-04-10,203.04331970214844,235.33999633789062
2017-04-11,202.8017578125,235.05999755859375
2017-04-12,201.9130859375,234.02999877929688
2017-04-13,200.6017608642578,232.50999450683594
2017-04-17,202.3790283203125,234.57000732421875
2017-04-18,201.7750701904297,233.8699951171875
2017-04-19,201.40408325195312,233.44000244140625
2017-04-20,203.04331970214844,235.33999633789062
2017-04-21,202.39625549316406,234.58999633789062
2017-04-24,204.62225341796875,237.1699981689453
2017-04-25,205.8128662109375,238.5500030517578
2017-04-26,205.6834259033203,238.39999389648438
2017-04-27,205.85597229003906,238.60000610351562
2017-04-28,205.4073486328125,238.0800018310547
2017-05-01,205.92501831054688,238.67999267578125
2017-05-02,206.002685546875,238.77000427246094
2017-05-03,205.75244140625,238.47999572753906
2017-05-04,205.9940185546875,238.75999450683594
2017-05-05,206.8050079345703,239.6999969482422
2017-05-08,206.77052307128906,239.66000366210938
2017-05-09,206.58074951171875,239.44000244140625
2017-05-10,206.95166015625,239.8699951171875
2017-05-11,206.52894592285156,239.3800048828125
2017-05-12,206.183837890625,238.97999572753906
2017-05-15,207.3226776123047,240.3000030517578
2017-05-16,207.13284301757812,240.0800018310547
2017-05-17,203.45751953125,235.82000732421875
2017-05-18,204.27716064453125,236.77000427246094
2017-05-19,205.60574340820312,238.30999755859375
2017-05-22,206.6497344970703,239.52000427246094
2017-05-23,207.1070098876953,240.0500030517578
2017-05-24,207.5901641845703,240.61000061035156
2017-05-25,208.58233642578125,241.75999450683594
2017-05-26,208.53921508789062,241.7100067138672
2017-05-30,208.3580322265625,241.5
2017-05-31,208.30621337890625,241.44000244140625
2017-06-01,209.96275329589844,243.36000061035156
2017-06-02,210.66159057617188,244.1699981689453
2017-06-05,210.5063018798828,243.99000549316406
2017-06-06,209.8333282470703,243.2100067138672
2017-06-07,210.2216033935547,243.66000366210938
2017-06-08,210.32508850097656,243.77999877929688
2017-06-09,210.0059356689453,243.41000366210938
2017-06-12,209.96275329589844,243.36000061035156
2017-06-13,210.9894561767578,244.5500030517578
2017-06-14,210.72206115722656,244.24000549316406
2017-06-15,210.3165283203125,243.77000427246094
2017-06-16,210.3623809814453,242.63999938964844
2017-06-19,212.1137237548828,244.66000366210938
2017-06-20,210.68321228027344,243.00999450683594
2017-06-21,210.6312255859375,242.9499969482422
2017-06-22,210.53582763671875,242.83999633789062
2017-06-23,210.78726196289062,243.1300048828125
2017-06-26,210.92596435546875,243.2899932861328
2017-06-27,209.22669982910156,241.3300018310547
2017-06-28,211.09939575195312,243.49000549316406
2017-06-29,209.2440643310547,241.35000610351562
2017-06-30,209.6342010498047,241.8000030517578
2017-07-03,209.98959350585938,242.2100067138672
2017-07-05,210.47512817382812,242.77000427246094
2017-07-06,208.55047607421875,240.5500030517578
2017-07-07,209.90296936035156,242.11000061035156
2017-07-10,210.12831115722656,242.3699951171875
2017-07-11,209.9722900390625,242.19000244140625
2017-07-12,211.55015563964844,244.00999450683594
2017-07-13,211.90565490722656,244.4199981689453
2017-07-14,212.89404296875,245.55999755859375
2017-07-17,212.86801147460938,245.52999877929688
2017-07-18,212.98068237304688,245.66000366210938
2017-07-19,214.13377380371094,246.99000549316406
2017-07-20,214.22914123535156,247.10000610351562
2017-07-21,214.03843688964844,246.8800048828125
2017-07-24,213.9863739013672,246.82000732421875
2017-07-25,214.50660705566406,247.4199981689453
2017-07-26,214.5152130126953,247.42999267578125
2017-07-27,214.3158416748047,247.1999969482422
2017-07-28,214.06443786621094,246.91000366210938
2017-07-31,213.94305419921875,246.77000427246094
2017-08-01,214.4198455810547,247.32000732421875
2017-08-02,214.52386474609375,247.44000244140625
2017-08-03,214.1077880859375,246.9600067138672
2017-08-04,214.49789428710938,247.41000366210938
2017-08-07,214.89669799804688,247.8699951171875
2017-08-08,214.36781311035156,247.25999450683594
2017-08-09,214.35916137695312,247.25
2017-08-10,211.33348083496094,243.75999450683594
2017-08-11,211.64556884765625,244.1199951171875
2017-08-14,213.7436065673828,246.5399932861328
2017-08-15,213.71766662597656,246.50999450683594
2017-08-16,214.0904541015625,246.94000244140625
2017-08-17,210.75262451171875,243.08999633789062
2017-08-18,210.42318725585938,242.7100067138672
2017-08-21,210.58787536621094,242.89999389648438
2017-08-22,212.78994750976562,245.44000244140625
2017-08-23,212.0270233154297,244.55999755859375
2017-08-24,211.5328369140625,243.99000549316406
2017-08-25,212.0270233154297,244.55999755859375
2017-08-28,212.03573608398438,244.57000732421875
2017-08-29,212.2784423828125,244.85000610351562
2017-08-30,213.28414916992188,246.00999450683594
2017-08-31,214.56723022460938,247.49000549316406
2017-09-01,214.87071228027344,247.83999633789062
2017-09-05,213.32745361328125,246.05999755859375
2017-09-06,214.0557403564453,246.89999389648438
2017-09-07,214.02972412109375,246.8699951171875
2017-09-08,213.7783203125,246.5800018310547
2017-09-11,216.05845642089844,249.2100067138672
2017-09-12,216.78672790527344,250.0500030517578
2017-09-13,216.89077758789062,250.1699981689453
2017-09-14,216.82138061523438,250.08999633789062
2017-09-15,217.11328125,249.19000244140625
2017-09-18,217.57505798339844,249.72000122070312
2017-09-19,217.7928466796875,249.97000122070312
2017-09-20,217.8712615966797,250.05999755859375
2017-09-21,217.2875213623047,249.38999938964844
2017-09-22,217.3311004638672,249.44000244140625
2017-09-25,216.88670349121094,248.92999267578125
2017-09-26,217.01744079589844,249.0800018310547
2017-09-27,217.86260986328125,250.0500030517578
2017-09-28,218.12396240234375,250.35000610351562
2017-09-29,218.890625,251.22999572753906
2017-10-02,219.84034729003906,252.32000732421875
2017-10-03,220.3108367919922,252.86000061035156
2017-10-04,220.57223510742188,253.16000366210938
2017-10-05,221.87913513183594,254.66000366210938
2017-10-06,221.62652587890625,254.3699951171875
2017-10-09,221.26058959960938,253.9499969482422
2017-10-10,221.84432983398438,254.6199951171875
2017-10-11,222.19281005859375,255.02000427246094
2017-10-12,221.86172485351562,254.63999938964844
2017-10-13,222.13182067871094,254.9499969482422
2017-10-16,222.42807006835938,255.2899932861328
2017-10-17,222.5849151611328,255.47000122070312
2017-10-18,222.80270385742188,255.72000122070312
2017-10-19,222.86367797851562,255.7899932861328
2017-10-20,224.01376342773438,257.1099853515625
2017-10-23,223.14251708984375,256.1099853515625
2017-10-24,223.53457641601562,256.55999755859375
2017-10-25,222.42807006835938,255.2899932861328
2017-10-26,222.7155303955078,255.6199951171875
2017-10-27,224.53651428222656,257.7099914550781
2017-10-30,223.70013427734375,256.75
2017-10-31,224.04861450195312,257.1499938964844
2017-11-01,224.34481811523438,257.489990234375
2017-11-02,224.43194580078125,257.5899963378906
2017-11-03,225.18133544921875,258.45001220703125
2017-11-06,225.5298309326172,258.8500061035156
2017-11-07,225.3729705810547,258.6700134277344
2017-11-08,225.75633239746094,259.1099853515625
2017-11-09,224.9373779296875,258.1700134277344
2017-11-10,224.86758422851562,258.0899963378906
2017-11-13,225.0767059326172,258.3299865722656
2017-11-14,224.553955078125,257.7300109863281
2017-11-15,223.4300537109375,256.44000244140625
2017-11-16,225.32940673828125,258.6199951171875
2017-11-17,224.667236328125,257.8599853515625
2017-11-20,225.0506134033203,258.29998779296875
2017-11-21,226.5230255126953,259.989990234375
2017-11-22,226.3226776123047,259.760009765625
2017-11-24,226.845458984375,260.3599853515625
2017-11-27,226.73216247558594,260.2300109863281
2017-11-28,229.03228759765625,262.8699951171875
2017-11-29,228.89292907714844,262.7099914550781
2017-11-30,230.89682006835938,265.010009765625
2017-12-01,230.4176788330078,264.4599914550781
2017-12-04,230.13885498046875,264.1400146484375
2017-12-05,229.3112030029297,263.19000244140625
2017-12-06,229.354736328125,263.239990234375
2017-12-07,230.07789611816406,264.07000732421875
2017-12-08,231.33253479003906,265.510009765625
2017-12-11,232.0294647216797,266.30999755859375
2017-12-12,232.4390411376953,266.7799987792969
2017-12-13,232.41290283203125,266.75
2017-12-14,231.46319580078125,265.6600036621094
2017-12-15,233.39068603515625,266.510009765625
2017-12-18,234.87071228027344,268.20001220703125
2017-12-19,233.96865844726562,267.1700134277344
2017-12-20,233.84608459472656,267.0299987792969
2017-12-21,234.32765197753906,267.5799865722656
2017-12-22,234.2664031982422,267.510009765625
2017-12-26,233.98622131347656,267.19000244140625
2017-12-27,234.10003662109375,267.32000732421875
2017-12-28,234.5816650390625,267.8699951171875
2017-12-29,233.69723510742188,266.8599853515625
2018-01-02,235.3698272705078,268.7699890136719
2018-01-03,236.85855102539062,270.4700012207031
2018-01-04,237.8568878173828,271.6099853515625
2018-01-05,239.44200134277344,273.4200134277344
2018-01-08,239.87985229492188,273.9200134277344
2018-01-09,240.42282104492188,274.5400085449219
2018-01-10,240.05502319335938,274.1199951171875
2018-01-11,241.80648803710938,276.1199951171875
2018-01-12,243.38272094726562,277.9200134277344
2018-01-16,242.55078125,276.9700012207031
2018-01-17,244.86270141601562,279.6099853515625
2018-01-18,244.4510955810547,279.1400146484375
2018-01-19,245.5633544921875,280.4100036621094
2018-01-22,247.55992126464844,282.69000244140625
2018-01-23,248.08541870117188,283.2900085449219
2018-01-24,247.989013671875,283.17999267578125
2018-01-25,248.09414672851562,283.29998779296875
2018-01-26,250.96652221679688,286.5799865722656
2018-01-29,249.30267333984375,284.67999267578125
2018-01-30,246.74554443359375,281.760009765625
2018-01-31,246.8681640625,281.8999938964844
2018-02-01,246.58792114257812,281.5799865722656
2018-02-02,241.21971130371094,275.45001220703125
2018-02-05,231.1312713623047,263.92999267578125
2018-02-06,235.6851043701172,269.1300048828125
2018-02-07,234.406494140625,267.6700134277344
2018-02-08,225.6141815185547,257.6300048828125
2018-02-09,229.0032196044922,261.5
2018-02-12,232.36610412597656,265.3399963378906
2018-02-13,232.94407653808594,266.0
2018-02-14,236.08790588378906,269.5899963378906
2018-02-15,239.1003875732422,273.0299987792969
2018-02-16,239.17051696777344,273.1099853515625
2018-02-20,237.67298889160156,271.3999938964844
2018-02-21,236.49072265625,270.04998779296875
2018-02-22,236.7972869873047,270.3999938964844
2018-02-23,240.57162475585938,274.7099914550781
2018-02-26,243.36526489257812,277.8999938964844
2018-02-27,240.32644653320312,274.42999267578125
2018-02-28,237.8919219970703,271.6499938964844
2018-03-01,234.43283081054688,267.70001220703125
2018-03-02,235.64126586914062,269.0799865722656
2018-03-05,238.36480712890625,272.19000244140625
2018-03-06,238.9690399169922,272.8800048828125
2018-03-07,238.8815460205078,272.7799987792969
2018-03-08,240.0374755859375,274.1000061035156
2018-03-09,244.2146759033203,278.8699951171875
2018-03-12,243.9082489013672,278.5199890136719
2018-03-13,242.3318328857422,276.7200012207031
2018-03-14,241.08834838867188,275.29998779296875
2018-03-15,240.8255615234375,275.0
2018-03-16,241.0867462158203,274.20001220703125
2018-03-19,237.8247528076172,270.489990234375
2018-03-20,238.229248046875,270.95001220703125
2018-03-21,237.7720489501953,270.42999267578125
2018-03-22,231.82838439941406,263.6700134277344
2018-03-23,226.88711547851562,258.04998779296875
2018-03-26,233.09445190429688,265.1099853515625
2018-03-27,229.1291961669922,260.6000061035156
2018-03-28,228.45213317871094,259.8299865722656
2018-03-29,231.37118530273438,263.1499938964844
2018-04-02,226.37713623046875,257.4700012207031
2018-04-03,229.2786102294922,260.7699890136719
2018-04-04,231.73171997070312,263.55999755859375
2018-04-05,233.56051635742188,265.6400146484375
2018-04-06,228.35540771484375,259.7200012207031
2018-04-09,229.4807891845703,261.0
2018-04-10,233.1296844482422,265.1499938964844
2018-04-11,231.90748596191406,263.760009765625
2018-04-12,233.81549072265625,265.92999267578125
2018-04-13,233.1296844482422,265.1499938964844
2018-04-16,235.04641723632812,267.3299865722656
2018-04-17,237.5609893798828,270.19000244140625
2018-04-18,237.73692321777344,270.3900146484375
2018-04-19,236.4180145263672,268.8900146484375
2018-04-20,234.4132843017578,266.6099853515625
2018-04-23,234.37823486328125,266.57000732421875
2018-04-24,231.22171020507812,262.9800109863281
2018-04-25,231.79324340820312,263.6300048828125
2018-04-26,234.14952087402344,266.30999755859375
2018-04-27,234.36940002441406,266.55999755859375
2018-04-30,232.56695556640625,264.510009765625
2018-05-01,232.98020935058594,264.9800109863281
2018-05-02,231.41513061523438,263.20001220703125
2018-05-03,230.9051971435547,262.6199951171875
2018-05-04,233.8945770263672,266.0199890136719
2018-05-07,234.68589782714844,266.9200134277344
2018-05-08,234.68589782714844,266.9200134277344
2018-05-09,236.95436096191406,269.5
2018-05-10,239.17001342773438,272.0199890136719
2018-05-11,239.89984130859375,272.8500061035156
2018-05-14,240.01406860351562,272.9800109863281
2018-05-15,238.36111450195312,271.1000061035156
2018-05-16,239.36343383789062,272.239990234375
2018-05-17,239.16123962402344,272.010009765625
2018-05-18,238.5632781982422,271.3299865722656
2018-05-21,240.3569793701172,273.3699951171875
2018-05-22,239.68881225585938,272.6099853515625
2018-05-23,240.34825134277344,273.3599853515625
2018-05-24,239.8557891845703,272.79998779296875
2018-05-25,239.28436279296875,272.1499938964844
2018-05-29,236.5323486328125,269.0199890136719
2018-05-30,239.68881225585938,272.6099853515625
2018-05-31,238.2205047607422,270.94000244140625
2018-06-01,240.55921936035156,273.6000061035156
2018-06-04,241.7022247314453,274.8999938964844
2018-06-05,241.87808227539062,275.1000061035156
2018-06-06,243.90032958984375,277.3999938964844
2018-06-07,243.87393188476562,277.3699951171875
2018-06-08,244.5949249267578,278.19000244140625
2018-06-11,244.9202423095703,278.55999755859375
2018-06-12,245.23670959472656,278.9200134277344
2018-06-13,244.45419311523438,278.0299987792969
2018-06-14,245.06968688964844,278.7300109863281
2018-06-15,244.75711059570312,277.1300048828125
2018-06-18,244.25360107421875,276.55999755859375
2018-06-19,243.31741333007812,275.5
2018-06-20,243.7325439453125,275.9700012207031
2018-06-21,242.20465087890625,274.239990234375
2018-06-22,242.64620971679688,274.739990234375
2018-06-25,239.3431396484375,271.0
2018-06-26,239.8730926513672,271.6000061035156
2018-06-27,237.88592529296875,269.3500061035156
2018-06-28,239.24595642089844,270.8900146484375
2018-06-29,239.5904083251953,271.2799987792969
2018-07-02,240.1026153564453,271.8599853515625
2018-07-03,239.2548370361328,270.8999938964844
2018-07-05,241.20669555664062,273.1099853515625
2018-07-06,243.246826171875,275.4200134277344
2018-07-09,245.43714904785156,277.8999938964844
2018-07-10,246.32034301757812,278.8999938964844
2018-07-11,244.5185546875,276.8599853515625
2018-07-12,246.73538208007812,279.3699951171875
2018-07-13,246.92955017089844,279.5899963378906
2018-07-16,246.7089080810547,279.3399963378906
2018-07-17,247.70692443847656,280.4700012207031
2018-07-18,248.22796630859375,281.05999755859375
2018-07-19,247.29183959960938,280.0
2018-07-20,247.00924682617188,279.67999267578125
2018-07-23,247.46841430664062,280.20001220703125
2018-07-24,248.7136993408203,281.6099853515625
2018-07-25,250.83335876464844,284.010009765625
2018-07-26,250.24160766601562,283.3399963378906
2018-07-27,248.54598999023438,281.4200134277344
2018-07-30,247.24769592285156,279.95001220703125
2018-07-31,248.46641540527344,281.3299865722656
2018-08-01,248.05136108398438,280.8599853515625
2018-08-02,249.402587890625,282.3900146484375
2018-08-03,250.47120666503906,283.6000061035156
2018-08-06,251.38987731933594,284.6400146484375
2018-08-07,252.219970703125,285.5799865722656
2018-08-08,252.11399841308594,285.4599914550781
2018-08-09,251.76951599121094,285.07000732421875
2018-08-10,250.0826416015625,283.1600036621094
2018-08-13,249.1465301513672,282.1000061035156
2018-08-14,250.73617553710938,283.8999938964844
2018-08-15,248.86386108398438,281.7799987792969
2018-08-16,250.8775634765625,284.05999755859375
2018-08-17,251.7607879638672,285.05999755859375
2018-08-20,252.29949951171875,285.6700134277344
2018-08-21,252.8911590576172,286.3399963378906
2018-08-22,252.74107360839844,286.1700134277344
2018-08-23,252.40545654296875,285.7900085449219
2018-08-24,253.92449951171875,287.510009765625
2018-08-27,255.92933654785156,289.7799987792969
2018-08-28,256.05303955078125,289.9200134277344
2018-08-29,257.4307556152344,291.4800109863281
2018-08-30,256.3885192871094,290.29998779296875
2018-08-31,256.3974609375,290.30999755859375
2018-09-04,255.95590209960938,289.80999755859375
2018-09-05,255.26699829101562,289.0299987792969
2018-09-06,254.49855041503906,288.1600036621094
2018-09-07,254.00399780273438,287.6000061035156
2018-09-10,254.445556640625,288.1000061035156
2018-09-11,255.28468322753906,289.04998779296875
2018-09-12,255.34640502929688,289.1199951171875
2018-09-13,256.856689453125,290.8299865722656
2018-09-14,256.9007873535156,290.8800048828125
2018-09-17,255.54078674316406,289.3399963378906
2018-09-18,256.9274597167969,290.9100036621094
2018-09-19,257.2011413574219,291.2200012207031
2018-09-20,259.2854309082031,293.5799865722656
2018-09-21,259.0485534667969,291.989990234375
2018-09-24,258.18798828125,291.0199890136719
2018-09-25,257.9484558105469,290.75
2018-09-26,257.1766052246094,289.8800048828125
2018-09-27,257.8952941894531,290.69000244140625
2018-09-28,257.92193603515625,290.7200012207031
2018-10-01,258.8179626464844,291.7300109863281
2018-10-02,258.6670227050781,291.55999755859375
2018-10-03,258.80902099609375,291.7200012207031
2018-10-04,256.7862854003906,289.44000244140625
2018-10-05,255.3489990234375,287.82000732421875
2018-10-08,255.3489990234375,287.82000732421875
2018-10-09,254.97637939453125,287.3999938964844
2018-10-10,246.9029541015625,278.29998779296875
2018-10-11,241.46456909179688,272.1700134277344
2018-10-12,244.81825256347656,275.95001220703125
2018-10-15,243.4430389404297,274.3999938964844
2018-10-16,248.76609802246094,280.3999938964844
2018-10-17,248.81056213378906,280.45001220703125
2018-10-18,245.2173309326172,276.3999938964844
2018-10-19,245.08425903320312,276.25
2018-10-22,243.9842071533203,275.010009765625
2018-10-23,242.7421112060547,273.6099853515625
2018-10-24,235.38742065429688,265.32000732421875
2018-10-25,239.61036682128906,270.0799865722656
2018-10-26,235.39630126953125,265.3299865722656
2018-10-29,234.09213256835938,263.8599853515625
2018-10-30,237.56094360351562,267.7699890136719
2018-10-31,240.09840393066406,270.6300048828125
2018-11-01,242.6534423828125,273.510009765625
2018-11-02,241.21617126464844,271.8900146484375
2018-11-05,242.54689025878906,273.3900146484375
2018-11-06,244.0817413330078,275.1199951171875
2018-11-07,249.30726623535156,281.010009765625
2018-11-08,248.85484313964844,280.5
2018-11-09,246.42391967773438,277.760009765625
2018-11-12,241.81944274902344,272.57000732421875
2018-11-13,241.36705017089844,272.05999755859375
2018-11-14,239.71688842773438,270.20001220703125
2018-11-15,242.21871948242188,273.0199890136719
2018-11-16,242.84866333007812,273.7300109863281
2018-11-19,238.740966796875,269.1000061035156
2018-11-20,234.32276916503906,264.1199951171875
2018-11-21,235.12118530273438,265.0199890136719
2018-11-23,233.55091857910156,263.25
2018-11-26,237.32147216796875,267.5
2018-11-27,238.11988830566406,268.3999938964844
2018-11-28,243.60275268554688,274.5799865722656
2018-11-29,243.07037353515625,273.9800109863281
2018-11-30,244.55206298828125,275.6499938964844
2018-12-03,247.79014587402344,279.29998779296875
2018-12-04,239.7613067626953,270.25
2018-12-06,239.39749145507812,269.8399963378906
2018-12-07,233.83485412597656,263.57000732421875
2018-12-10,234.27847290039062,264.07000732421875
2018-12-11,234.3316192626953,264.1300048828125
2018-12-12,235.51161193847656,265.4599914550781
2018-12-13,235.43173217773438,265.3699951171875
2018-12-14,231.08457946777344,260.4700012207031
2018-12-17,226.55105590820312,255.36000061035156
2018-12-18,226.30262756347656,255.0800018310547
2018-12-19,222.91358947753906,251.25999450683594
2018-12-20,219.28504943847656,247.1699981689453
2018-12-21,214.79197692871094,240.6999969482422
2018-12-24,209.11648559570312,234.33999633789062
2018-12-26,219.68215942382812,246.17999267578125
2018-12-27,221.3687286376953,248.07000732421875
2018-12-28,221.08311462402344,247.75
2018-12-31,223.01954650878906,249.9199981689453
2019-01-02,223.2515869140625,250.17999267578125
2019-01-03,217.9241943359375,244.2100067138672
2019-01-04,225.2237091064453,252.38999938964844
2019-01-07,226.99951171875,254.3800048828125
2019-01-08,229.1322479248047,256.7699890136719
2019-01-09,230.20310974121094,257.9700012207031
2019-01-10,231.01516723632812,258.8800048828125
2019-01-11,231.1044158935547,258.9800109863281
2019-01-14,229.69442749023438,257.3999938964844
2019-01-15,232.32693481445312,260.3500061035156
2019-01-16,232.88912963867188,260.9800109863281
2019-01-17,234.6559600830078,262.9599914550781
2019-01-18,237.77923583984375,266.4599914550781
2019-01-22,234.5666961669922,262.8599853515625
2019-01-23,235.0575714111328,263.4100036621094
2019-01-24,235.1824951171875,263.54998779296875
2019-01-25,237.1724853515625,265.7799987792969
2019-01-28,235.36985778808594,263.760009765625
2019-01-29,235.0575714111328,263.4100036621094
2019-01-30,238.77871704101562,267.5799865722656
2019-01-31,240.87576293945312,269.92999267578125
2019-02-01,240.9918212890625,270.05999755859375
2019-02-04,242.687255859375,271.9599914550781
2019-02-05,243.70452880859375,273.1000061035156
2019-02-06,243.38330078125,272.739990234375
2019-02-07,241.06321716308594,270.1400146484375
2019-02-08,241.35765075683594,270.4700012207031
2019-02-11,241.49151611328125,270.6199951171875
2019-02-12,244.59695434570312,274.1000061035156
2019-02-13,245.39112854003906,274.989990234375
2019-02-14,244.84678649902344,274.3800048828125
2019-02-15,247.51492309570312,277.3699951171875
2019-02-19,247.9433135986328,277.8500061035156
2019-02-20,248.44300842285156,278.4100036621094
2019-02-21,247.5596466064453,277.4200134277344
2019-02-22,249.09449768066406,279.1400146484375
2019-02-25,249.43350219726562,279.5199890136719
2019-02-26,249.2550811767578,279.32000732421875
2019-02-27,249.1480255126953,279.20001220703125
2019-02-28,248.68394470214844,278.67999267578125
2019-03-01,250.23663330078125,280.4200134277344
2019-03-04,249.32644653320312,279.3999938964844
2019-03-05,248.98736572265625,279.0199890136719
2019-03-06,247.47921752929688,277.3299865722656
2019-03-07,245.4089813232422,275.010009765625
2019-03-08,244.91815185546875,274.4599914550781
2019-03-11,248.46983337402344,278.44000244140625
2019-03-12,249.4067840576172,279.489990234375
2019-03-13,251.05764770507812,281.3399963378906
2019-03-14,250.89697265625,281.1600036621094
2019-03-15,252.1365966796875,281.30999755859375
2019-03-18,253.0507354736328,282.3299865722656
2019-03-19,253.1134490966797,282.3999938964844
2019-03-20,252.3517303466797,281.54998779296875
2019-03-21,255.20199584960938,284.7300109863281
2019-03-22,250.29017639160156,279.25
2019-03-25,250.10205078125,279.0400085449219
2019-03-26,251.96620178222656,281.1199951171875
2019-03-27,250.6487274169922,279.6499938964844
2019-03-28,251.59881591796875,280.7099914550781
2019-03-29,253.1851806640625,282.4800109863281
2019-04-01,256.1878967285156,285.8299865722656
2019-04-02,256.31329345703125,285.9700012207031
2019-04-03,256.71661376953125,286.4200134277344
2019-04-04,257.3978576660156,287.17999267578125
2019-04-05,258.6436767578125,288.57000732421875
2019-04-08,258.84088134765625,288.7900085449219
2019-04-09,257.5143127441406,287.30999755859375
2019-04-10,258.3927307128906,288.2900085449219
2019-04-11,258.32098388671875,288.2099914550781
2019-04-12,260.0687255859375,290.1600036621094
2019-04-15,259.8985595703125,289.9700012207031
2019-04-16,260.0687255859375,290.1600036621094
2019-04-17,259.4324951171875,289.45001220703125
2019-04-18,259.943359375,290.0199890136719
2019-04-22,260.1674499511719,290.2699890136719
2019-04-23,262.50677490234375,292.8800048828125
2019-04-24,261.9241638183594,292.2300109863281
2019-04-25,261.7627868652344,292.04998779296875
2019-04-26,262.9817199707031,293.4100036621094
2019-04-29,263.3940124511719,293.8699951171875
2019-04-30,263.5284729003906,294.0199890136719
2019-05-01,261.5476989746094,291.80999755859375
2019-05-02,260.9830322265625,291.17999267578125
2019-05-03,263.5375061035156,294.0299987792969
2019-05-06,262.4528503417969,292.82000732421875
2019-05-07,258.070068359375,287.92999267578125
2019-05-08,257.7115783691406,287.5299987792969
2019-05-09,256.9317321777344,286.6600036621094
2019-05-10,258.2224426269531,288.1000061035156
2019-05-13,251.73324584960938,280.8599853515625
2019-05-14,254.00985717773438,283.3999938964844
2019-05-15,255.497802734375,285.05999755859375
2019-05-16,257.8638610839844,287.70001220703125
2019-05-17,256.1968688964844,285.8399963378906
2019-05-20,254.50282287597656,283.95001220703125
2019-05-21,256.79736328125,286.510009765625
2019-05-22,256.0086364746094,285.6300048828125
2019-05-23,252.88058471679688,282.1400146484375
2019-05-24,253.45413208007812,282.7799987792969
2019-05-28,251.09693908691406,280.1499938964844
2019-05-29,249.41183471679688,278.2699890136719
2019-05-30,250.0930633544922,279.0299987792969
2019-05-31,246.7229461669922,275.2699890136719
2019-06-03,246.09555053710938,274.57000732421875
2019-06-04,251.43746948242188,280.5299987792969
2019-06-05,253.615478515625,282.9599914550781
2019-06-06,255.2646484375,284.79998779296875
2019-06-07,257.8190612792969,287.6499938964844
2019-06-10,259.0021057128906,288.9700012207031
2019-06-11,258.9394836425781,288.8999938964844
2019-06-12,258.48236083984375,288.3900146484375
2019-06-13,259.54901123046875,289.5799865722656
2019-06-14,259.26214599609375,289.260009765625
2019-06-17,259.3608093261719,289.3699951171875
2019-06-18,262.0764465332031,292.3999938964844
2019-06-19,262.66802978515625,293.05999755859375
2019-06-20,265.17767333984375,295.8599853515625
2019-06-21,264.79217529296875,294.0
2019-06-24,264.468017578125,293.6400146484375
2019-06-25,261.87408447265625,290.760009765625
2019-06-26,261.6129455566406,290.4700012207031
2019-06-27,262.5405578613281,291.5
2019-06-28,263.89154052734375,293.0
2019-07-01,266.287353515625,295.6600036621094
2019-07-02,266.98077392578125,296.42999267578125
2019-07-03,269.1153259277344,298.79998779296875
2019-07-05,268.80914306640625,298.4599914550781
2019-07-08,267.33203125,296.82000732421875
2019-07-09,267.665283203125,297.19000244140625
2019-07-10,268.94415283203125,298.6099853515625
2019-07-11,269.57470703125,299.30999755859375
2019-07-12,270.78155517578125,300.6499938964844
2019-07-15,270.87164306640625,300.75
2019-07-16,269.998046875,299.7799987792969
2019-07-17,268.1606140136719,297.739990234375
2019-07-18,269.142333984375,298.8299865722656
2019-07-19,267.6473083496094,297.1700134277344
2019-07-22,268.3047790527344,297.8999938964844
2019-07-23,270.22314453125,300.0299987792969
2019-07-24,271.4931335449219,301.44000244140625
2019-07-25,270.1961669921875,300.0
2019-07-26,272.00628662109375,302.010009765625
2019-07-29,271.5110168457031,301.4599914550781
2019-07-30,270.84454345703125,300.7200012207031
2019-07-31,267.8814697265625,297.42999267578125
2019-08-01,265.5487060546875,294.8399963378906
2019-08-02,263.5492248535156,292.6199951171875
2019-08-05,255.62351989746094,283.82000732421875
2019-08-06,259.2081298828125,287.79998779296875
2019-08-07,259.361328125,287.9700012207031
2019-08-08,264.449951171875,293.6199951171875
2019-08-09,262.64862060546875,291.6199951171875
2019-08-12,259.4513244628906,288.07000732421875
2019-08-13,263.48626708984375,292.54998779296875
2019-08-14,255.69554138183594,283.8999938964844
2019-08-15,256.3711242675781,284.6499938964844
2019-08-16,260.1538391113281,288.8500061035156
2019-08-19,263.2880859375,292.3299865722656
2019-08-20,261.2706298828125,290.0899963378906
2019-08-21,263.3962097167969,292.45001220703125
2019-08-22,263.3150634765625,292.3599853515625
2019-08-23,256.5512390136719,284.8500061035156
2019-08-26,259.38824462890625,288.0
2019-08-27,258.3705139160156,286.8699951171875
2019-08-28,260.18988037109375,288.8900146484375
2019-08-29,263.51318359375,292.5799865722656
2019-08-30,263.3962097167969,292.45001220703125
2019-09-03,261.8560791015625,290.739990234375
2019-09-04,264.8282775878906,294.0400085449219
2019-09-05,268.2327575683594,297.82000732421875
2019-09-06,268.4399108886719,298.04998779296875
2019-09-09,268.574951171875,298.20001220703125
2019-09-10,268.5118713378906,298.1300048828125
2019-09-11,270.42120361328125,300.25
2019-09-12,271.35797119140625,301.2900085449219
2019-09-13,271.17779541015625,301.0899963378906
2019-09-16,270.34027099609375,300.1600036621094
2019-09-17,271.0247497558594,300.9200134277344
2019-09-18,271.1869201660156,301.1000061035156
2019-09-19,271.1688232421875,301.0799865722656
2019-09-20,269.8876037597656,298.2799987792969
2019-09-23,269.8242492675781,298.2099914550781
2019-09-24,267.7069396972656,295.8699951171875
2019-09-25,269.29046630859375,297.6199951171875
2019-09-26,268.7293395996094,297.0
2019-09-27,267.28167724609375,295.3999938964844
2019-09-30,268.5213623046875,296.7699890136719
2019-10-01,265.3273010253906,293.239990234375
2019-10-02,260.6404113769531,288.05999755859375
2019-10-03,262.7757873535156,290.4200134277344
2019-10-04,266.33160400390625,294.3500061035156
2019-10-07,265.18255615234375,293.0799865722656
2019-10-08,261.0655822753906,288.5299987792969
2019-10-09,263.5448303222656,291.2699890136719
2019-10-10,265.3273010253906,293.239990234375
2019-10-11,268.0780334472656,296.2799987792969
2019-10-14,267.7794494628906,295.95001220703125
2019-10-15,270.43048095703125,298.8800048828125
2019-10-16,269.9961242675781,298.3999938964844
2019-10-17,270.79241943359375,299.2799987792969
2019-10-18,269.6070556640625,297.9700012207031
2019-10-21,271.43487548828125,299.989990234375
2019-10-22,270.5481262207031,299.010009765625
2019-10-23,271.3352966308594,299.8800048828125
2019-10-24,271.7787170410156,300.3699951171875
2019-10-25,272.89154052734375,301.6000061035156
2019-10-28,274.4296875,303.29998779296875
2019-10-29,274.3482971191406,303.2099914550781
2019-10-30,275.1897888183594,304.1400146484375
2019-10-31,274.45697021484375,303.3299865722656
2019-11-01,276.9995422363281,306.1400146484375
2019-11-04,278.1123352050781,307.3699951171875
2019-11-05,277.8047180175781,307.0299987792969
2019-11-06,277.8680725097656,307.1000061035156
2019-11-07,278.84527587890625,308.17999267578125
2019-11-08,279.53289794921875,308.94000244140625
2019-11-11,278.9990539550781,308.3500061035156
2019-11-12,279.5872497558594,309.0
2019-11-13,279.67767333984375,309.1000061035156
2019-11-14,280.0848083496094,309.54998779296875
2019-11-15,282.1116638183594,311.7900085449219
2019-11-18,282.31976318359375,312.0199890136719
2019-11-19,282.2382507324219,311.92999267578125
2019-11-20,281.1886901855469,310.7699890136719
2019-11-21,280.7362976074219,310.2699890136719
2019-11-22,281.360595703125,310.9599914550781
2019-11-25,283.5412292480469,313.3699951171875
2019-11-26,284.1836853027344,314.0799865722656
2019-11-27,285.45037841796875,315.4800109863281
2019-11-29,284.39178466796875,314.30999755859375
2019-12-02,281.97601318359375,311.6400146484375
2019-12-03,280.0848083496094,309.54998779296875
2019-12-04,281.81304931640625,311.4599914550781
2019-12-05,282.31976318359375,312.0199890136719
2019-12-06,284.8983459472656,314.8699951171875
2019-12-09,284.0027160644531,313.8800048828125
2019-12-10,283.68603515625,313.5299987792969
2019-12-11,284.4913330078125,314.4200134277344
2019-12-12,286.943359375,317.1300048828125
2019-12-13,287.1152038574219,317.32000732421875
2019-12-16,289.0877380371094,319.5
2019-12-17,289.1510314941406,319.57000732421875
2019-12-18,289.169189453125,319.5899963378906
2019-12-19,290.35443115234375,320.8999938964844
2019-12-20,291.6274108886719,320.7300109863281
2019-12-23,292.0730285644531,321.2200012207031
2019-12-24,292.08203125,321.2300109863281
2019-12-26,293.6369323730469,322.94000244140625
2019-12-27,293.5641174316406,322.8599853515625
2019-12-30,291.9456787109375,321.0799865722656
2019-12-31,292.6548767089844,321.8599853515625
2020-01-02,295.39178466796875,324.8699951171875
2020-01-03,293.15496826171875,322.4100036621094
2020-01-06,294.2734375,323.6400146484375
2020-01-07,293.4459533691406,322.7300109863281
2020-01-08,295.0099182128906,324.45001220703125
2020-01-09,297.0102233886719,326.6499938964844
2020-01-10,296.15557861328125,325.7099914550781
2020-01-13,298.1922912597656,327.95001220703125
2020-01-14,297.7376403808594,327.45001220703125
2020-01-15,298.41046142578125,328.19000244140625
2020-01-16,300.892822265625,330.9200134277344
2020-01-17,301.829345703125,331.95001220703125
2020-01-21,301.2383117675781,331.29998779296875
2020-01-22,301.27471923828125,331.3399963378906
2020-01-23,301.6202087402344,331.7200012207031
2020-01-24,298.9378662109375,328.7699890136719
2020-01-27,294.14605712890625,323.5
2020-01-28,297.228515625,326.8900146484375
2020-01-29,296.98297119140625,326.6199951171875
2020-01-30,297.94683837890625,327.67999267578125
2020-01-31,292.5365905761719,321.7300109863281
2020-02-03,294.7098388671875,324.1199951171875
2020-02-04,299.2015380859375,329.05999755859375
2020-02-05,302.6567687988281,332.8599853515625
2020-02-06,303.6751708984375,333.9800109863281
2020-02-07,302.0566711425781,332.20001220703125
2020-02-10,304.3116760253906,334.67999267578125
2020-02-11,304.8389892578125,335.260009765625
2020-02-12,306.8029479980469,337.4200134277344
2020-02-13,306.4757080078125,337.05999755859375
2020-02-14,306.9666748046875,337.6000061035156
2020-02-18,306.1756286621094,336.7300109863281
2020-02-19,307.6394958496094,338.3399963378906
2020-02-20,306.37567138671875,336.95001220703125
2020-02-21,303.2206115722656,333.4800109863281
2020-02-24,293.1640930175781,322.4200134277344
2020-02-25,284.2806396484375,312.6499938964844
2020-02-26,283.23492431640625,311.5
2020-02-27,270.51434326171875,297.510009765625
2020-02-28,269.3777770996094,296.260009765625
2020-03-02,281.0435791015625,309.0899963378906
2020-03-03,272.9966735839844,300.239990234375
2020-03-04,284.47149658203125,312.8599853515625
2020-03-05,275.0151672363281,302.4599914550781
2020-03-06,270.4688415527344,297.4599914550781
2020-03-09,249.3467559814453,274.2300109863281
2020-03-10,262.2491760253906,288.4200134277344
2020-03-11,249.4650115966797,274.3599853515625
2020-03-12,225.5968780517578,248.11000061035156
2020-03-13,244.88232421875,269.32000732421875
2020-03-16,218.0863494873047,239.85000610351562
2020-03-17,229.86129760742188,252.8000030517578
2020-03-18,218.2227783203125,240.0
2020-03-19,218.68650817871094,240.50999450683594
2020-03-20,209.26231384277344,228.8000030517578
2020-03-23,203.91189575195312,222.9499969482422
2020-03-24,222.3870086669922,243.14999389648438
2020-03-25,225.7161407470703,246.7899932861328
2020-03-26,238.89566040039062,261.20001220703125
2020-03-27,231.77999877929688,253.4199981689453
2020-03-30,239.3072052001953,261.6499938964844
2020-03-31,235.7402801513672,257.75
2020-04-01,225.1307830810547,246.14999389648438
2020-04-02,230.32577514648438,251.8300018310547
2020-04-03,226.99659729003906,248.19000244140625
2020-04-06,242.24310302734375,264.8599853515625
2020-04-07,242.49008178710938,265.1300048828125
2020-04-08,250.63006591796875,274.0299987792969
2020-04-09,254.4440460205078,278.20001220703125
2020-04-13,252.1208953857422,275.6600036621094
2020-04-14,259.5566101074219,283.7900085449219
2020-04-15,254.04156494140625,277.760009765625
2020-04-16,255.2672119140625,279.1000061035156
2020-04-17,262.1632995605469,286.6400146484375
2020-04-20,257.5445251464844,281.5899963378906
2020-04-21,249.72462463378906,273.0400085449219
2020-04-22,255.2672119140625,279.1000061035156
2020-04-23,255.24884033203125,279.0799865722656
2020-04-24,258.80670166015625,282.9700012207031
2020-04-27,262.5382385253906,287.04998779296875
2020-04-28,261.3310546875,285.7300109863281
2020-04-29,268.1722717285156,293.2099914550781
2020-04-30,265.67547607421875,290.4800109863281
2020-05-01,258.64208984375,282.7900085449219
2020-05-04,259.35540771484375,283.57000732421875
2020-05-05,261.751708984375,286.19000244140625
2020-05-06,259.9773864746094,284.25
2020-05-07,263.1144714355469,287.67999267578125
2020-05-08,267.46807861328125,292.44000244140625
2020-05-11,267.52288818359375,292.5
2020-05-12,262.190673828125,286.6700134277344
2020-05-13,257.55364990234375,281.6000061035156
2020-05-14,260.6358947753906,284.9700012207031
2020-05-15,261.83404541015625,286.2799987792969
2020-05-18,269.8094177246094,295.0
2020-05-19,267.0381164550781,291.9700012207031
2020-05-20,271.5746154785156,296.92999267578125
2020-05-21,269.69970703125,294.8800048828125
2020-05-22,270.2118225097656,295.44000244140625
2020-05-26,273.5410461425781,299.0799865722656
2020-05-27,277.6109619140625,303.5299987792969
2020-05-28,277.0988464355469,302.9700012207031
2020-05-29,278.3335876464844,304.32000732421875
2020-06-01,279.4585266113281,305.54998779296875
2020-06-02,281.77252197265625,308.0799865722656
2020-06-03,285.5223693847656,312.17999267578125
2020-06-04,284.77239990234375,311.3599853515625
2020-06-05,292.07098388671875,319.3399963378906
2020-06-08,295.601318359375,323.20001220703125
2020-06-09,293.39715576171875,320.7900085449219
2020-06-10,291.760009765625,319.0
2020-06-11,274.94036865234375,300.6099853515625
2020-06-12,278.23291015625,304.2099914550781
2020-06-15,280.8304138183594,307.04998779296875
2020-06-16,286.2357482910156,312.9599914550781
2020-06-17,285.0467834472656,311.6600036621094
2020-06-18,285.1565856933594,311.7799987792969
2020-06-19,283.52691650390625,308.6400146484375
2020-06-22,285.3457946777344,310.6199951171875
2020-06-23,286.65936279296875,312.04998779296875
2020-06-24,279.34710693359375,304.0899963378906
2020-06-25,282.3418273925781,307.3500061035156
2020-06-26,275.6357727050781,300.04998779296875
2020-06-29,279.68695068359375,304.4599914550781
2020-06-30,283.2696228027344,308.3599853515625
2020-07-01,285.2538146972656,310.5199890136719
2020-07-02,286.8247985839844,312.2300109863281
2020-07-06,291.2525939941406,317.04998779296875
2020-07-07,288.2486572265625,313.7799987792969
2020-07-08,290.4533386230469,316.17999267578125
2020-07-09,288.7998046875,314.3800048828125
2020-07-10,291.7485656738281,317.5899963378906
2020-07-13,289.222412109375,314.8399963378906
2020-07-14,292.9704895019531,318.9200134277344
2020-07-15,295.6619873046875,321.8500061035156
2020-07-16,294.6882629394531,320.7900085449219
2020-07-17,295.54254150390625,321.7200012207031
2020-07-20,297.9310607910156,324.32000732421875
2020-07-21,298.5649108886719,325.010009765625
2020-07-22,300.26434326171875,326.8599853515625
2020-07-23,296.68170166015625,322.9599914550781
2020-07-24,294.77093505859375,320.8800048828125
2020-07-27,296.9205627441406,323.2200012207031
2020-07-28,295.0373229980469,321.1700134277344
2020-07-29,298.6659240722656,325.1199951171875
2020-07-30,297.600341796875,323.9599914550781
2020-07-31,299.9520568847656,326.5199890136719
2020-08-03,302.0373840332031,328.7900085449219
2020-08-04,303.2040710449219,330.05999755859375
2020-08-05,305.0871887207031,332.1099853515625
2020-08-06,307.1265563964844,334.3299865722656
2020-08-07,307.3470458984375,334.57000732421875
2020-08-10,308.2657165527344,335.57000732421875
2020-08-11,305.72113037109375,332.79998779296875
2020-08-12,309.9834899902344,337.44000244140625
2020-08-13,309.42315673828125,336.8299865722656
2020-08-14,309.4322814941406,336.8399963378906
2020-08-17,310.4153137207031,337.9100036621094
2020-08-18,311.0859375,338.6400146484375
2020-08-19,309.7905578613281,337.2300109863281
2020-08-20,310.755126953125,338.2799987792969
2020-08-21,311.8575439453125,339.4800109863281
2020-08-24,315.0176696777344,342.9200134277344
2020-08-25,316.1199951171875,344.1199951171875
2020-08-26,319.2892150878906,347.57000732421875
2020-08-27,319.9873962402344,348.3299865722656
2020-08-28,322.0544128417969,350.5799865722656
2020-08-31,320.8877258300781,349.30999755859375
2020-09-01,323.9100036621094,352.6000061035156
2020-09-02,328.5949401855469,357.70001220703125
2020-09-03,317.2867431640625,345.3900146484375
2020-09-04,314.69610595703125,342.57000732421875
2020-09-08,306.0976867675781,333.2099914550781
2020-09-09,312.142333984375,339.7900085449219
2020-09-10,306.7223815917969,333.8900146484375
2020-09-11,306.8785095214844,334.05999755859375
2020-09-14,310.9205322265625,338.4599914550781
2020-09-15,312.4914245605469,340.1700134277344
2020-09-16,311.251220703125,338.82000732421875
2020-09-17,308.513671875,335.8399963378906
2020-09-18,304.9619445800781,330.6499938964844
2020-09-21,301.5677795410156,326.9700012207031
2020-09-22,304.6390686035156,330.29998779296875
2020-09-23,297.5742492675781,322.6400146484375
2020-09-24,298.36737060546875,323.5
2020-09-25,303.1910400390625,328.7300109863281
2020-09-28,308.2268981933594,334.19000244140625
2020-09-29,306.5482482910156,332.3699951171875
2020-09-30,308.87249755859375,334.8900146484375
2020-10-01,310.8554992675781,337.0400085449219
2020-10-02,307.904052734375,333.8399963378906
2020-10-05,313.3640441894531,339.760009765625
2020-10-06,308.9094543457031,334.92999267578125
2020-10-07,314.2864074707031,340.760009765625
2020-10-08,317.07177734375,343.7799987792969
2020-10-09,319.90325927734375,346.8500061035156
2020-10-12,325.0498046875,352.42999267578125
2020-10-13,322.9285888671875,350.1300048828125
2020-10-14,320.8994445800781,347.92999267578125
2020-10-15,320.5028076171875,347.5
2020-10-16,320.30908203125,347.2900085449219
2020-10-19,315.4393310546875,342.010009765625
2020-10-20,316.7029724121094,343.3800048828125
2020-10-21,316.1033630371094,342.7300109863281
2020-10-22,317.83740234375,344.6099853515625
2020-10-23,318.9164123535156,345.7799987792969
2020-10-26,313.0229187011719,339.3900146484375
2020-10-27,311.94378662109375,338.2200012207031
2020-10-28,301.2819519042969,326.6600036621094
2020-10-29,304.3439636230469,329.9800109863281
2020-10-30,301.171142578125,326.5400085449219
2020-11-02,304.54693603515625,330.20001220703125
2020-11-03,309.9239196777344,336.0299987792969
2020-11-04,316.8504638671875,343.5400085449219
2020-11-05,323.0299072265625,350.239990234375
2020-11-06,322.9562072753906,350.1600036621094
2020-11-09,327.0143127441406,354.55999755859375
2020-11-10,326.53472900390625,354.0400085449219
2020-11-11,328.96044921875,356.6700134277344
2020-11-12,325.7691345214844,353.2099914550781
2020-11-13,330.2792663574219,358.1000061035156
2020-11-16,334.40203857421875,362.57000732421875
2020-11-17,332.6034851074219,360.6199951171875
2020-11-18,328.6006774902344,356.2799987792969
2020-11-19,329.98419189453125,357.7799987792969
2020-11-20,327.7244873046875,355.3299865722656
2020-11-23,329.6889953613281,357.4599914550781
2020-11-24,335.00152587890625,363.2200012207031
2020-11-25,334.4850769042969,362.6600036621094
2020-11-27,335.41656494140625,363.6700134277344
2020-11-30,333.931640625,362.05999755859375
2020-12-01,337.583984375,366.0199890136719
2020-12-02,338.2942199707031,366.7900085449219
2020-12-03,338.2019348144531,366.69000244140625
2020-12-04,341.1164855957031,369.8500061035156
2020-12-07,340.4155578613281,369.0899963378906
2020-12-08,341.4116516113281,370.1700134277344
2020-12-09,338.3495788574219,366.8500061035156
2020-12-10,338.2388610839844,366.7300109863281
2020-12-11,337.8422546386719,366.29998779296875
2020-12-14,336.3297119140625,364.6600036621094
2020-12-15,340.87664794921875,369.5899963378906
2020-12-16,341.4116516113281,370.1700134277344
2020-12-17,343.3207092285156,372.239990234375
2020-12-18,341.949951171875,369.17999267578125
2020-12-21,340.727294921875,367.8599853515625
2020-12-22,340.1530456542969,367.239990234375
2020-12-23,340.4585876464844,367.57000732421875
2020-12-24,341.7831726074219,369.0
2020-12-28,344.7193603515625,372.1700134277344
2020-12-29,344.0617980957031,371.4599914550781
2020-12-30,344.5525817871094,371.989990234375
2020-12-31,346.3033447265625,373.8800048828125
2021-01-04,341.5887756347656,368.7900085449219
2021-01-05,343.9413146972656,371.3299865722656
2021-01-06,345.99761962890625,373.54998779296875
2021-01-07,351.13824462890625,379.1000061035156
2021-01-08,353.138916015625,381.260009765625
2021-01-11,350.7585144042969,378.69000244140625
2021-01-12,350.8326110839844,378.7699890136719
2021-01-13,351.7774353027344,379.7900085449219
2021-01-14,350.5454406738281,378.4599914550781
2021-01-15,347.98907470703125,375.70001220703125
2021-01-19,350.7214660644531,378.6499938964844
2021-01-20,355.5749816894531,383.8900146484375
2021-01-21,355.8990783691406,384.239990234375
2021-01-22,354.639404296875,382.8800048828125
2021-01-25,356.03802490234375,384.3900146484375
2021-01-26,355.4822998046875,383.7900085449219
2021-01-27,346.794189453125,374.4100036621094
2021-01-28,349.7767639160156,377.6300048828125
2021-01-29,342.7743225097656,370.07000732421875
2021-02-01,348.4799499511719,376.2300109863281
2021-02-02,353.4075012207031,381.54998779296875
2021-02-03,353.6854553222656,381.8500061035156
2021-02-04,357.7052917480469,386.19000244140625
2021-02-05,359.1131591796875,387.7099914550781
2021-02-08,361.70660400390625,390.510009765625
2021-02-09,361.4658203125,390.25
2021-02-10,361.3084411621094,390.0799865722656
2021-02-11,361.8919372558594,390.7099914550781
2021-02-12,363.6795959472656,392.6400146484375
2021-02-16,363.3646240234375,392.29998779296875
2021-02-17,363.44805908203125,392.3900146484375
2021-02-18,361.9012145996094,390.7200012207031
2021-02-19,361.2620849609375,390.0299987792969
2021-02-22,358.4833068847656,387.0299987792969
2021-02-23,358.9186706542969,387.5
2021-02-24,362.87371826171875,391.7699890136719
2021-02-25,354.1299743652344,382.3299865722656
2021-02-26,352.3052673339844,380.3599853515625
2021-03-01,360.84527587890625,389.5799865722656
2021-03-02,358.02947998046875,386.5400085449219
2021-03-03,353.2871398925781,381.4200134277344
2021-03-04,348.91522216796875,376.70001220703125
2021-03-05,355.33416748046875,383.6300048828125
2021-03-08,353.5650329589844,381.7200012207031
2021-03-09,358.6130676269531,387.1700134277344
2021-03-10,360.84527587890625,389.5799865722656
2021-03-11,364.50390625,393.5299987792969
2021-03-12,364.99481201171875,394.05999755859375
2021-03-15,367.1714782714844,396.4100036621094
2021-03-16,366.70831298828125,395.9100036621094
2021-03-17,367.9588317871094,397.260009765625
2021-03-18,362.6051025390625,391.4800109863281
2021-03-19,361.9341735839844,389.4800109863281
2021-03-22,364.82427978515625,392.5899963378906
2021-03-23,361.9527893066406,389.5
2021-03-24,360.1128234863281,387.5199890136719
2021-03-25,362.1385803222656,389.70001220703125
2021-03-26,367.9745178222656,395.9800109863281
2021-03-29,367.78863525390625,395.7799987792969
2021-03-30,366.8128967285156,394.7300109863281
2021-03-31,368.2996826171875,396.3299865722656
2021-04-01,372.2769775390625,400.6099853515625
2021-04-05,377.6203308105469,406.3599853515625
2021-04-06,377.3973388671875,406.1199951171875
2021-04-07,377.8341064453125,406.5899963378906
2021-04-08,379.62762451171875,408.5199890136719
2021-04-09,382.3874816894531,411.489990234375
2021-04-12,382.52691650390625,411.6400146484375
2021-04-13,383.6606140136719,412.8599853515625
2021-04-14,382.350341796875,411.45001220703125
2021-04-15,386.457763671875,415.8699951171875
2021-04-16,387.7493896484375,417.260009765625
2021-04-19,385.8443603515625,415.2099914550781
2021-04-20,383.01947021484375,412.1700134277344
2021-04-21,386.6436767578125,416.07000732421875
2021-04-22,383.1124267578125,412.2699890136719
2021-04-23,387.2662658691406,416.739990234375
2021-04-26,388.07476806640625,417.6099853515625
2021-04-27,387.9911193847656,417.5199890136719
2021-04-28,387.87957763671875,417.3999938964844
2021-04-29,390.3513488769531,420.05999755859375
2021-04-30,387.78662109375,417.29998779296875
2021-05-03,388.623046875,418.20001220703125
2021-05-04,386.2254638671875,415.6199951171875
2021-05-05,386.34625244140625,415.75
2021-05-06,389.431396484375,419.07000732421875
2021-05-07,392.2657165527344,422.1199951171875
2021-05-10,388.38134765625,417.94000244140625
2021-05-11,384.9151306152344,414.2099914550781
2021-05-12,376.7375183105469,405.4100036621094
2021-05-13,381.26312255859375,410.2799987792969
2021-05-14,387.1175537109375,416.5799865722656
2021-05-17,386.13250732421875,415.5199890136719
2021-05-18,382.8056945800781,411.94000244140625
2021-05-19,381.80206298828125,410.8599853515625
2021-05-20,385.9095153808594,415.2799987792969
2021-05-21,385.5935974121094,414.94000244140625
2021-05-24,389.5243835449219,419.1700134277344
2021-05-25,388.6601257324219,418.239990234375
2021-05-26,389.431396484375,419.07000732421875
2021-05-27,389.6358642578125,419.2900085449219
2021-05-28,390.3328552246094,420.0400085449219
2021-06-01,389.98907470703125,419.6700134277344
2021-06-02,390.6023254394531,420.3299865722656
2021-06-03,389.15264892578125,418.7699890136719
2021-06-04,392.7118225097656,422.6000061035156
2021-06-07,392.330810546875,422.19000244140625
2021-06-08,392.4143371582031,422.2799987792969
2021-06-09,391.8289794921875,421.6499938964844
2021-06-10,393.6502380371094,423.6099853515625
2021-06-11,394.3008728027344,424.30999755859375
2021-06-14,395.18365478515625,425.260009765625
2021-06-15,394.4588317871094,424.4800109863281
2021-06-16,392.2564697265625,422.1099853515625
2021-06-17,392.12628173828125,421.9700012207031
2021-06-18,386.8364562988281,414.9200134277344
2021-06-21,392.37432861328125,420.8599853515625
2021-06-22,394.4720458984375,423.1099853515625
2021-06-23,393.9965515136719,422.6000061035156
2021-06-24,396.32733154296875,425.1000061035156
2021-06-25,397.7351989746094,426.6099853515625
2021-06-28,398.5369873046875,427.4700012207031
2021-06-29,398.7514343261719,427.70001220703125
2021-06-30,399.0870056152344,428.05999755859375
2021-07-01,401.2966613769531,430.42999267578125
2021-07-02,404.3639221191406,433.7200012207031
2021-07-06,403.62738037109375,432.92999267578125
2021-07-07,405.0538635253906,434.4599914550781
2021-07-08,401.7535095214844,430.9200134277344
2021-07-09,406.0420837402344,435.5199890136719
2021-07-12,407.4965515136719,437.0799865722656
2021-07-13,406.10736083984375,435.5899963378906
2021-07-14,406.7133483886719,436.239990234375
2021-07-15,405.3242492675781,434.75
2021-07-16,402.14501953125,431.3399963378906
2021-07-19,396.2061767578125,424.9700012207031
2021-07-20,401.8839111328125,431.05999755859375
2021-07-21,405.1378173828125,434.54998779296875
2021-07-22,405.9861145019531,435.4599914550781
2021-07-23,410.16290283203125,439.94000244140625
2021-07-26,411.1698303222656,441.0199890136719
2021-07-27,409.2959289550781,439.010009765625
2021-07-28,409.1280212402344,438.8299865722656
2021-07-29,410.82476806640625,440.6499938964844
2021-07-30,408.8297424316406,438.510009765625
2021-08-02,407.9719543457031,437.5899963378906
2021-08-03,411.291015625,441.1499938964844
2021-08-04,409.2679443359375,438.9800109863281
2021-08-05,411.8597717285156,441.760009765625
2021-08-06,412.5403137207031,442.489990234375
2021-08-09,412.2046203613281,442.1300048828125
2021-08-10,412.71746826171875,442.67999267578125
2021-08-11,413.74298095703125,443.7799987792969
2021-08-12,414.9830017089844,445.1099853515625
2021-08-13,415.7381591796875,445.9200134277344
2021-08-16,416.717041015625,446.9700012207031
2021-08-17,413.9854736328125,444.0400085449219
2021-08-18,409.45440673828125,439.17999267578125
2021-08-19,410.08831787109375,439.8599853515625
2021-08-20,413.3514404296875,443.3599853515625
2021-08-23,416.98748779296875,447.260009765625
2021-08-24,417.6494140625,447.9700012207031
2021-08-25,418.52581787109375,448.9100036621094
2021-08-26,416.05517578125,446.260009765625
2021-08-27,419.77508544921875,450.25
2021-08-30,421.62109375,452.2300109863281
2021-08-31,420.9964294433594,451.55999755859375
2021-09-01,421.22015380859375,451.79998779296875
2021-09-02,422.5160827636719,453.19000244140625
2021-09-03,422.41357421875,453.0799865722656
2021-09-07,420.9031677246094,451.4599914550781
2021-09-08,420.3904113769531,450.9100036621094
2021-09-09,418.5910949707031,448.9800109863281
2021-09-10,415.2906799316406,445.44000244140625
2021-09-13,416.35345458984375,446.5799865722656
2021-09-14,414.1066589355469,444.1700134277344
2021-09-15,417.5655517578125,447.8800048828125
2021-09-16,416.90362548828125,447.1700134277344
2021-09-17,412.842529296875,441.3999938964844
2021-09-20,405.9587097167969,434.0400085449219
2021-09-21,405.57513427734375,433.6300048828125
2021-09-22,409.5315246582031,437.8599853515625
2021-09-23,414.5072937011719,443.17999267578125
2021-09-24,415.1900939941406,443.9100036621094
2021-09-27,414.002197265625,442.6400146484375
2021-09-28,405.6593933105469,433.7200012207031
2021-09-29,406.3421630859375,434.45001220703125
2021-09-30,401.375732421875,429.1400146484375
2021-10-01,406.1457214355469,434.239990234375
2021-10-04,400.90802001953125,428.6400146484375
2021-10-05,405.07952880859375,433.1000061035156
2021-10-06,406.7630615234375,434.8999938964844
2021-10-07,410.27978515625,438.6600036621094
2021-10-08,409.5315246582031,437.8599853515625
2021-10-11,406.5666809082031,434.69000244140625
2021-10-12,405.56591796875,433.6199951171875
2021-10-13,407.02490234375,435.17999267578125
2021-10-14,413.871337890625,442.5
2021-10-15,417.02325439453125,445.8699951171875
2021-10-18,418.2579345703125,447.19000244140625
2021-10-19,421.4847412109375,450.6400146484375
2021-10-20,423.1402282714844,452.4100036621094
2021-10-21,424.24383544921875,453.5899963378906
2021-10-22,423.80426025390625,453.1199951171875
2021-10-25,426.0770263671875,455.54998779296875
2021-10-26,426.46044921875,455.9599914550781
2021-10-27,424.5711975097656,453.94000244140625
2021-10-28,428.6678771972656,458.32000732421875
2021-10-29,429.5376892089844,459.25
2021-11-01,430.2764587402344,460.0400085449219
2021-11-02,432.0162048339844,461.8999938964844
2021-11-03,434.6537780761719,464.7200012207031
2021-11-04,436.7020568847656,466.9100036621094
2021-11-05,438.21722412109375,468.5299987792969
2021-11-08,438.5913391113281,468.92999267578125
2021-11-09,437.14166259765625,467.3800048828125
2021-11-10,433.62493896484375,463.6199951171875
2021-11-11,433.7651062011719,463.7699890136719
2021-11-12,437.0387878417969,467.2699890136719
2021-11-15,437.18841552734375,467.42999267578125
2021-11-16,438.91876220703125,469.2799987792969
2021-11-17,437.8525390625,468.1400146484375
2021-11-18,439.3396911621094,469.7300109863281
2021-11-19,438.5539855957031,468.8900146484375
2021-11-22,437.3193664550781,467.57000732421875
2021-11-23,437.8993225097656,468.19000244140625
2021-11-24,439.06842041015625,469.44000244140625
2021-11-26,429.27581787109375,458.9700012207031
2021-11-29,434.54156494140625,464.6000061035156
2021-11-30,426.0863952636719,455.55999755859375
2021-12-01,421.3537902832031,450.5
2021-12-02,427.8073425292969,457.3999938964844
2021-12-03,424.0848388671875,453.4200134277344
2021-12-06,429.1073913574219,458.7900085449219
2021-12-07,437.9834289550781,468.2799987792969
2021-12-08,439.1432189941406,469.5199890136719
2021-12-09,436.1782531738281,466.3500061035156
2021-12-10,440.2842102050781,470.739990234375
2021-12-13,436.3840637207031,466.57000732421875
2021-12-14,433.38177490234375,463.3599853515625
2021-12-15,440.15338134765625,470.6000061035156
2021-12-16,436.2718505859375,466.45001220703125
2021-12-17,431.6286315917969,459.8699951171875
2021-12-20,427.03887939453125,454.9800109863281
2021-12-21,434.62274169921875,463.05999755859375
2021-12-22,438.96844482421875,467.69000244140625
2021-12-23,441.69964599609375,470.6000061035156
2021-12-27,447.95068359375,477.260009765625
2021-12-28,447.58465576171875,476.8699951171875
2021-12-29,448.1571960449219,477.4800109863281
2021-12-30,446.9182434082031,476.1600036621094
2021-12-31,445.79193115234375,474.9599914550781
2022-01-03,448.3730773925781,477.7099914550781
2022-01-04,448.222900390625,477.54998779296875
2022-01-05,439.6160583496094,468.3800048828125
2022-01-06,439.2030029296875,467.94000244140625
2022-01-07,437.46661376953125,466.0899963378906
2022-01-10,436.9222412109375,465.510009765625
2022-01-11,440.9018859863281,469.75
2022-01-12,442.0938720703125,471.0199890136719
2022-01-13,436.00250244140625,464.5299987792969
2022-01-14,436.1807861328125,464.7200012207031
2022-01-18,428.4561767578125,456.489990234375
2022-01-19,424.00732421875,451.75
2022-01-20,419.3143005371094,446.75
2022-01-21,411.08294677734375,437.9800109863281
2022-01-24,412.8287048339844,439.8399963378906
2022-01-25,407.7884521484375,434.4700012207031
2022-01-26,406.76544189453125,433.3800048828125
2022-01-27,404.7568664550781,431.239990234375
2022-01-28,414.8091735839844,441.95001220703125
2022-01-31,422.2803039550781,449.9100036621094
2022-02-01,425.1336364746094,452.95001220703125
2022-02-02,429.26336669921875,457.3500061035156
2022-02-03,419.1736145019531,446.6000061035156
2022-02-04,421.1446228027344,448.70001220703125
2022-02-07,419.7930603027344,447.260009765625
2022-02-08,423.2470703125,450.94000244140625
2022-02-09,429.4417419433594,457.5400085449219
2022-02-10,421.7265319824219,449.32000732421875
2022-02-11,413.41064453125,440.4599914550781
2022-02-14,412.0590515136719,439.0199890136719
2022-02-15,418.7042541503906,446.1000061035156
2022-02-16,419.1736145019531,446.6000061035156
2022-02-17,410.2194519042969,437.05999755859375
2022-02-18,407.563232421875,434.2300109863281
2022-02-22,403.189453125,429.57000732421875
2022-02-23,396.037353515625,421.95001220703125
2022-02-24,401.9974060058594,428.29998779296875
2022-02-25,410.8670654296875,437.75
2022-02-28,409.8158264160156,436.6300048828125
2022-03-01,403.5742492675781,429.9800109863281
2022-03-02,410.99853515625,437.8900146484375
2022-03-03,408.9523010253906,435.7099914550781
2022-03-04,405.6297302246094,432.1700134277344
2022-03-07,393.6720886230469,419.42999267578125
2022-03-08,390.68743896484375,416.25
2022-03-09,401.162109375,427.4100036621094
2022-03-10,399.35052490234375,425.4800109863281
2022-03-11,394.2727966308594,420.07000732421875
2022-03-14,391.391357421875,417.0
2022-03-15,399.998291015625,426.1700134277344
2022-03-16,408.8678283691406,435.6199951171875
2022-03-17,413.983154296875,441.07000732421875
2022-03-18,418.5174865722656,444.5199890136719
2022-03-21,418.39508056640625,444.3900146484375
2022-03-22,423.2908935546875,449.5899963378906
2022-03-23,417.83953857421875,443.79998779296875
2022-03-24,424.13824462890625,450.489990234375
2022-03-25,426.20953369140625,452.69000244140625
2022-03-28,429.2410888671875,455.9100036621094
2022-03-29,434.55126953125,461.54998779296875
2022-03-30,431.8680114746094,458.70001220703125
2022-03-31,425.2209777832031,451.6400146484375
2022-04-01,426.42608642578125,452.9200134277344
2022-04-04,430.0791015625,456.79998779296875
2022-04-05,424.6466369628906,451.0299987792969
2022-04-06,420.4004211425781,446.5199890136719
2022-04-07,422.51885986328125,448.7699890136719
2022-04-08,421.38909912109375,447.57000732421875
2022-04-11,414.1865234375,439.9200134277344
2022-04-12,412.6519470214844,438.2900085449219
2022-04-13,417.3782653808594,443.30999755859375
2022-04-14,412.18115234375,437.7900085449219
2022-04-18,412.35064697265625,437.9700012207031
2022-04-19,419.0069885253906,445.0400085449219
2022-04-20,418.6963806152344,444.7099914550781
2022-04-21,412.4353332519531,438.05999755859375
2022-04-22,401.11846923828125,426.0400085449219
2022-04-25,403.44403076171875,428.510009765625
2022-04-26,391.7598876953125,416.1000061035156
2022-04-27,392.8614501953125,417.2699890136719
2022-04-28,402.784912109375,427.80999755859375
2022-04-29,387.89971923828125,412.0
2022-05-02,390.23468017578125,414.4800109863281
2022-05-03,392.0234375,416.3800048828125
2022-05-04,403.96185302734375,429.05999755859375
2022-05-05,389.6038513183594,413.80999755859375
2022-05-06,387.2782897949219,411.3399963378906
2022-05-09,374.8787536621094,398.1700134277344
2022-05-10,375.7449035644531,399.0899963378906
2022-05-11,369.7757568359375,392.75
2022-05-12,369.3897399902344,392.3399963378906
2022-05-13,378.2211608886719,401.7200012207031
2022-05-16,376.6864013671875,400.0899963378906
2022-05-17,384.43505859375,408.32000732421875
2022-05-18,368.9378356933594,391.8599853515625
2022-05-19,366.6781921386719,389.4599914550781
2022-05-20,366.8382873535156,389.6300048828125
2022-05-23,373.7017822265625,396.9200134277344
2022-05-24,370.8490905761719,393.8900146484375
2022-05-25,374.12554931640625,397.3699951171875
2022-05-26,381.6011047363281,405.30999755859375
2022-05-27,390.9689636230469,415.260009765625
2022-05-31,388.7752380371094,412.92999267578125
2022-06-01,385.63067626953125,409.5899963378906
2022-06-02,392.9744567871094,417.3900146484375
2022-06-03,386.5251770019531,410.5400085449219
2022-06-06,387.7020263671875,411.7900085449219
2022-06-07,391.42095947265625,415.739990234375
2022-06-08,387.16534423828125,411.2200012207031
2022-06-09,377.9574279785156,401.44000244140625
2022-06-10,366.99835205078125,389.79998779296875
2022-06-13,353.0640563964844,375.0
2022-06-14,352.0001525878906,373.8699951171875
2022-06-15,357.0184631347656,379.20001220703125
2022-06-16,345.2025451660156,366.6499938964844
2022-06-17,345.9466857910156,365.8599853515625
2022-06-21,354.6553649902344,375.07000732421875
2022-06-22,354.012451171875,374.3900146484375
2022-06-23,357.4826965332031,378.05999755859375
2022-06-24,368.848388671875,390.0799865722656
2022-06-27,367.4395446777344,388.5899963378906
2022-06-28,359.9316711425781,380.6499938964844
2022-06-29,359.63861083984375,380.3399963378906
2022-06-30,356.7167053222656,377.25
2022-07-01,360.4895935058594,381.239990234375
2022-07-05,361.17034912109375,381.9599914550781
2022-07-06,362.3901672363281,383.25
2022-07-07,367.8177185058594,388.989990234375
2022-07-08,367.51513671875,388.6700134277344
2022-07-11,363.3168640136719,384.2300109863281
2022-07-12,360.10186767578125,380.8299865722656
2022-07-13,358.2108154296875,378.8299865722656
2022-07-14,357.3408203125,377.9100036621094
2022-07-15,364.1678466796875,385.1300048828125
2022-07-18,361.16094970703125,381.95001220703125
2022-07-19,370.91925048828125,392.2699890136719
2022-07-20,373.283203125,394.7699890136719
2022-07-21,377.0843200683594,398.7900085449219
2022-07-22,373.5857849121094,395.0899963378906
2022-07-25,374.0396728515625,395.57000732421875
2022-07-26,369.6143493652344,390.8900146484375
2022-07-27,379.2118835449219,401.0400085449219
2022-07-28,383.9681091308594,406.07000732421875
2022-07-29,389.5658874511719,411.989990234375
2022-08-01,388.4122619628906,410.7699890136719
2022-08-02,385.8497619628906,408.05999755859375
2022-08-03,391.89202880859375,414.45001220703125
2022-08-04,391.62725830078125,414.1700134277344
2022-08-05,390.9653625488281,413.4700012207031
2022-08-08,390.511474609375,412.989990234375
2022-08-09,388.96075439453125,411.3500061035156
2022-08-10,397.13037109375,419.989990234375
2022-08-11,397.13037109375,419.989990234375
2022-08-12,403.8534851074219,427.1000061035156
2022-08-15,405.5176696777344,428.8599853515625
2022-08-16,406.3119812011719,429.70001220703125
2022-08-17,403.427978515625,426.6499938964844
2022-08-18,404.6004943847656,427.8900146484375
2022-08-19,399.1634216308594,422.1400146484375
2022-08-22,390.8519592285156,413.3500061035156
2022-08-23,389.9063720703125,412.3500061035156
2022-08-24,391.1544494628906,413.6700134277344
2022-08-25,396.6766357421875,419.510009765625
2022-08-26,383.2494201660156,405.30999755859375
2022-08-29,380.7153015136719,402.6300048828125
2022-08-30,376.535888671875,398.2099914550781
2022-08-31,373.67083740234375,395.17999267578125
2022-09-01,374.8433532714844,396.4200134277344
2022-09-02,370.890869140625,392.239990234375
2022-09-06,369.491455078125,390.760009765625
2022-09-07,376.12933349609375,397.7799987792969
2022-09-08,378.58782958984375,400.3800048828125
2022-09-09,384.4692077636719,406.6000061035156
2022-09-12,388.6014099121094,410.9700012207031
2022-09-13,371.7041015625,393.1000061035156
2022-09-14,373.1224365234375,394.6000061035156
2022-09-15,368.88623046875,390.1199951171875
2022-09-16,366.07208251953125,385.55999755859375
2022-09-19,368.910888671875,388.54998779296875
2022-09-20,364.67633056640625,384.0899963378906
2022-09-21,358.3150329589844,377.3900146484375
2022-09-22,355.3052062988281,374.2200012207031
2022-09-23,349.35211181640625,367.95001220703125
2022-09-26,345.8962097167969,364.30999755859375
2022-09-27,345.01312255859375,363.3800048828125
2022-09-28,351.8017272949219,370.5299987792969
2022-09-29,344.4529113769531,362.7900085449219
2022-09-30,339.12652587890625,357.17999267578125
2022-10-03,348.079833984375,366.6099853515625
2022-10-04,358.8656921386719,377.9700012207031
2022-10-05,358.0301818847656,377.0899963378906
2022-10-06,354.3367919921875,373.20001220703125
2022-10-07,344.4529113769531,362.7900085449219
2022-10-10,341.8229675292969,360.0199890136719
2022-10-11,339.658203125,357.739990234375
2022-10-12,338.5378112792969,356.55999755859375
2022-10-13,347.4721984863281,365.9700012207031
2022-10-14,339.5538024902344,357.6300048828125
2022-10-17,348.2792663574219,366.82000732421875
2022-10-18,352.3714599609375,371.1300048828125
2022-10-19,349.87432861328125,368.5
2022-10-20,346.94049072265625,365.4100036621094
2022-10-21,355.3716735839844,374.2900085449219
2022-10-24,359.72021484375,378.8699951171875
2022-10-25,365.4644775390625,384.9200134277344
2022-10-26,362.7109375,382.0199890136719
2022-10-27,360.774169921875,379.9800109863281
2022-10-28,369.3572082519531,389.0199890136719
2022-10-31,366.6892395019531,386.2099914550781
2022-11-01,365.0846252441406,384.5199890136719
2022-11-02,355.92236328125,374.8699951171875
2022-11-03,352.2575378417969,371.010009765625
2022-11-04,357.32757568359375,376.3500061035156
2022-11-07,360.74560546875,379.95001220703125
2022-11-08,362.6920166015625,382.0
2022-11-09,355.21978759765625,374.1300048828125
2022-11-10,374.7406311035156,394.69000244140625
2022-11-11,378.3675231933594,398.510009765625
2022-11-14,375.1488952636719,395.1199951171875
2022-11-15,378.34844970703125,398.489990234375
2022-11-16,375.462158203125,395.45001220703125
2022-11-17,374.3133239746094,394.239990234375
2022-11-18,376.0128479003906,396.0299987792969
2022-11-21,374.64569091796875,394.5899963378906
2022-11-22,379.68731689453125,399.8999938964844
2022-11-23,382.0798645019531,402.4200134277344
2022-11-25,381.99444580078125,402.3299865722656
2022-11-28,375.89892578125,395.9100036621094
2022-11-29,375.2532958984375,395.2300109863281
2022-11-30,387.07403564453125,407.67999267578125
2022-12-01,386.78912353515625,407.3800048828125
2022-12-02,386.3429870605469,406.9100036621094
2022-12-05,379.39288330078125,399.5899963378906
2022-12-06,373.9241027832031,393.8299865722656
2022-12-07,373.2879333496094,393.1600036621094
2022-12-08,376.2122497558594,396.239990234375
2022-12-09,373.40179443359375,393.2799987792969
2022-12-12,378.78533935546875,398.95001220703125
2022-12-13,381.6526184082031,401.9700012207031
2022-12-14,379.2125549316406,399.3999938964844
2022-12-15,369.9364013671875,389.6300048828125
2022-12-16,365.5688171386719,383.2699890136719
2022-12-19,362.46893310546875,380.0199890136719
2022-12-20,362.9649353027344,380.5400085449219
2022-12-21,368.3921203613281,386.2300109863281
2022-12-22,363.13653564453125,380.7200012207031
2022-12-23,365.2254333496094,382.9100036621094
2022-12-27,363.7851867675781,381.3999938964844
2022-12-28,359.26409912109375,376.6600036621094
2022-12-29,365.73095703125,383.44000244140625
2022-12-30,364.7676086425781,382.42999267578125
2023-01-03,363.23199462890625,380.82000732421875
2023-01-04,366.0362243652344,383.760009765625
2023-01-05,361.8585205078125,379.3800048828125
2023-01-06,370.1567077636719,388.0799865722656
2023-01-09,369.94683837890625,387.8599853515625
2023-01-10,372.5412292480469,390.5799865722656
2023-01-11,377.2530517578125,395.5199890136719
2023-01-12,378.6265869140625,396.9599914550781
2023-01-13,380.0953674316406,398.5
2023-01-17,379.3992004394531,397.7699890136719
2023-01-18,373.4092102050781,391.489990234375
2023-01-19,370.6908264160156,388.6400146484375
2023-01-20,377.596435546875,395.8800048828125
2023-01-23,382.1270751953125,400.6300048828125
2023-01-24,381.7168884277344,400.20001220703125
2023-01-25,381.8599548339844,400.3500061035156
2023-01-26,386.0567932128906,404.75
2023-01-27,386.9438171386719,405.67999267578125
2023-01-30,382.0888977050781,400.5899963378906
2023-01-31,387.7068786621094,406.4800109863281
2023-02-01,391.8273010253906,410.79998779296875
2023-02-02,397.5312194824219,416.7799987792969
2023-02-03,393.3057861328125,412.3500061035156
2023-02-06,390.90216064453125,409.8299865722656
2023-02-07,396.0146179199219,415.19000244140625
2023-02-08,391.6842956542969,410.6499938964844
2023-02-09,388.2886962890625,407.0899963378906
2023-02-10,389.1947937011719,408.0400085449219
2023-02-13,393.76361083984375,412.8299865722656
2023-02-14,393.5823669433594,412.6400146484375
2023-02-15,394.86053466796875,413.9800109863281
2023-02-16,389.4237060546875,408.2799987792969
2023-02-17,388.4508972167969,407.260009765625
2023-02-21,380.6581726074219,399.0899963378906
2023-02-22,380.13360595703125,398.5400085449219
2023-02-23,382.1556396484375,400.6600036621094
2023-02-24,378.07330322265625,396.3800048828125
2023-02-27,379.3609924316406,397.7300109863281
2023-02-28,377.9589538574219,396.260009765625
2023-03-01,376.5090637207031,394.739990234375
2023-03-02,379.43731689453125,397.80999755859375
2023-03-03,385.52264404296875,404.19000244140625
2023-03-06,385.7897644042969,404.4700012207031
2023-03-07,379.8760681152344,398.2699890136719
2023-03-08,380.49609375,398.9200134277344
2023-03-09,373.4759826660156,391.55999755859375
2023-03-10,368.08685302734375,385.9100036621094
2023-03-13,367.5622863769531,385.3599853515625
2023-03-14,373.63812255859375,391.7300109863281
2023-03-15,371.30133056640625,389.2799987792969
2023-03-16,377.8158264160156,396.1099853515625
2023-03-17,373.39813232421875,389.989990234375
2023-03-20,376.98858642578125,393.739990234375
2023-03-21,381.9386291503906,398.9100036621094
2023-03-22,375.4278564453125,392.1099853515625
2023-03-23,376.44281005859375,393.1700134277344
2023-03-24,378.9130859375,395.75
2023-03-27,379.6216125488281,396.489990234375
2023-03-28,378.7694396972656,395.6000061035156
2023-03-29,384.2748107910156,401.3500061035156
2023-03-30,386.5248718261719,403.70001220703125
2023-03-31,391.9727783203125,409.3900146484375
2023-04-03,393.4664001464844,410.95001220703125
2023-04-04,391.283447265625,408.6700134277344
2023-04-05,390.25897216796875,407.6000061035156
2023-04-06,391.7812805175781,409.19000244140625
2023-04-10,392.183349609375,409.6099853515625
2023-04-11,392.2886962890625,409.7200012207031
2023-04-12,390.6897888183594,408.04998779296875
2023-04-13,395.8791809082031,413.4700012207031
2023-04-14,394.9121398925781,412.4599914550781
2023-04-17,396.3292236328125,413.94000244140625
2023-04-18,396.5876770019531,414.2099914550781
2023-04-19,396.5207214355469,414.1400146484375
2023-04-20,394.3568420410156,411.8800048828125
2023-04-21,394.6631774902344,412.20001220703125
2023-04-24,395.0748596191406,412.6300048828125
2023-04-25,388.8035888671875,406.0799865722656
2023-04-26,387.15673828125,404.3599853515625
2023-04-27,394.8642578125,412.4100036621094
2023-04-28,398.2344665527344,415.92999267578125
2023-05-01,397.8324279785156,415.510009765625
2023-05-02,393.361083984375,410.8399963378906
2023-05-03,390.6611022949219,408.0199890136719
2023-05-04,387.89398193359375,405.1300048828125
2023-05-05,395.0748596191406,412.6300048828125
2023-05-08,395.18023681640625,412.739990234375
2023-05-09,393.447265625,410.92999267578125
2023-05-10,395.28558349609375,412.8500061035156
2023-05-11,394.59619140625,412.1300048828125
2023-05-12,394.0791320800781,411.5899963378906
2023-05-15,395.4388122558594,413.010009765625
2023-05-16,392.796142578125,410.25
2023-05-17,397.5642395019531,415.2300109863281
2023-05-18,401.3941955566406,419.2300109863281
2023-05-19,400.81005859375,418.6199951171875
2023-05-22,400.9728698730469,418.7900085449219
2023-05-23,396.4727478027344,414.0899963378906
2023-05-24,393.60040283203125,411.0899963378906
2023-05-25,397.009033203125,414.6499938964844
2023-05-26,402.1505432128906,420.0199890136719
2023-05-30,402.30364990234375,420.17999267578125
2023-05-31,400.0728759765625,417.8500061035156
2023-06-01,403.87396240234375,421.82000732421875
2023-06-02,409.7144470214844,427.9200134277344
2023-06-05,408.9292907714844,427.1000061035156
2023-06-06,409.8197326660156,428.0299987792969
2023-06-07,408.4026184082031,426.54998779296875
2023-06-08,410.8729553222656,429.1300048828125
2023-06-09,411.61016845703125,429.8999938964844
2023-06-12,415.3442687988281,433.79998779296875
2023-06-13,418.0825500488281,436.6600036621094
2023-06-14,418.5804138183594,437.17999267578125
2023-06-15,423.7698669433594,442.6000061035156
2023-06-16,422.3264465332031,439.4599914550781
2023-06-20,420.1352844238281,437.17999267578125
2023-06-21,417.9826965332031,434.94000244140625
2023-06-22,419.4914855957031,436.510009765625
2023-06-23,416.3200988769531,433.2099914550781
2023-06-26,414.619140625,431.44000244140625
2023-06-27,419.1647033691406,436.1700134277344
2023-06-28,419.3761291503906,436.3900146484375
2023-06-29,421.0290222167969,438.1099853515625
2023-06-30,425.99749755859375,443.2799987792969
2023-07-03,426.4875793457031,443.7900085449219
2023-07-05,425.8533020019531,443.1300048828125
2023-07-06,422.51861572265625,439.6600036621094
2023-07-07,421.451904296875,438.54998779296875
2023-07-10,422.51861572265625,439.6600036621094
2023-07-11,425.20947265625,442.4599914550781
2023-07-12,428.6305847167969,446.0199890136719
2023-07-13,432.0326232910156,449.55999755859375
2023-07-14,431.7635498046875,449.2799987792969
2023-07-17,433.26275634765625,450.8399963378906
2023-07-18,436.48211669921875,454.19000244140625
2023-07-19,437.45269775390625,455.20001220703125
2023-07-20,434.5505065917969,452.17999267578125
2023-07-21,434.5505065917969,452.17999267578125
2023-07-24,436.4917907714844,454.20001220703125
2023-07-25,437.6834411621094,455.44000244140625
2023-07-26,437.7506103515625,455.510009765625
2023-07-27,434.848388671875,452.489990234375
2023-07-28,439.1057434082031,456.9200134277344
2023-07-31,439.94183349609375,457.7900085449219
2023-08-01,438.6828918457031,456.4800109863281
2023-08-02,432.5804748535156,450.1300048828125
2023-08-03,431.3407287597656,448.8399963378906
2023-08-04,429.3897705078125,446.80999755859375
2023-08-07,433.1377868652344,450.7099914550781
2023-08-08,431.25421142578125,448.75
2023-08-09,428.37115478515625,445.75
2023-08-10,428.52496337890625,445.9100036621094
2023-08-11,428.27508544921875,445.6499938964844
2023-08-14,430.6391906738281,448.1099853515625
2023-08-15,425.622802734375,442.8900146484375
2023-08-16,422.4994201660156,439.6400146484375
2023-08-17,419.2800598144531,436.2900085449219
2023-08-18,419.4818115234375,436.5
2023-08-21,422.2110900878906,439.3399963378906
2023-08-22,421.0674743652344,438.1499938964844
2023-08-23,425.7572021484375,443.0299987792969
2023-08-24,419.85662841796875,436.8900146484375
2023-08-25,422.8165283203125,439.9700012207031
2023-08-28,425.4977722167969,442.760009765625
2023-08-29,431.6482849121094,449.1600036621094
2023-08-30,433.42608642578125,451.010009765625
2023-08-31,432.7918701171875,450.3500061035156
2023-09-01,433.5990905761719,451.19000244140625
2023-09-05,431.7251281738281,449.239990234375
2023-09-06,428.8228454589844,446.2200012207031
2023-09-07,427.5063171386719,444.8500061035156
2023-09-08,428.150146484375,445.5199890136719
2023-09-11,430.9659729003906,448.45001220703125
2023-09-12,428.6018371582031,445.989990234375
2023-09-13,429.1015319824219,446.510009765625
2023-09-14,432.8014221191406,450.3599853515625
2023-09-15,427.5869140625,443.3699951171875
2023-09-18,427.837646484375,443.6300048828125
2023-09-19,426.9504089355469,442.7099914550781
2023-09-20,423.0252990722656,438.6400146484375
2023-09-21,416.033447265625,431.3900146484375
2023-09-22,415.0979309082031,430.4200134277344
2023-09-25,416.8434753417969,432.2300109863281
2023-09-26,410.7195739746094,425.8800048828125
2023-09-27,410.88348388671875,426.04998779296875
2023-09-28,413.2655334472656,428.5199890136719
2023-09-29,412.2625732421875,427.4800109863281
2023-10-02,412.0986328125,427.30999755859375
2023-10-03,406.58233642578125,421.5899963378906
2023-10-04,409.54296875,424.6600036621094
2023-10-05,409.3887023925781,424.5
2023-10-06,414.249267578125,429.5400085449219
2023-10-09,416.9013366699219,432.2900085449219
2023-10-10,419.0712585449219,434.5400085449219
2023-10-11,420.7878723144531,436.32000732421875
2023-10-12,418.22259521484375,433.6600036621094
2023-10-13,416.1394348144531,431.5
2023-10-16,420.51788330078125,436.0400085449219
2023-10-17,420.49859619140625,436.0199890136719
2023-10-18,414.8953857421875,430.2099914550781
2023-10-19,411.2499084472656,426.42999267578125
2023-10-20,406.1965026855469,421.19000244140625
2023-10-23,405.492431640625,420.4599914550781
2023-10-24,408.5496520996094,423.6300048828125
2023-10-25,402.68603515625,417.54998779296875
2023-10-26,397.8640441894531,412.54998779296875
2023-10-27,396.0605773925781,410.67999267578125
2023-10-30,400.7957763671875,415.5899963378906
2023-10-31,403.3129577636719,418.20001220703125
2023-11-01,407.6141357421875,422.6600036621094
2023-11-02,415.42584228515625,430.760009765625
2023-11-03,419.2159423828125,434.69000244140625
2023-11-06,420.1803283691406,435.69000244140625
2023-11-07,421.37615966796875,436.92999267578125
2023-11-08,421.6848449707031,437.25
2023-11-09,418.3962097167969,433.8399963378906
2023-11-10,424.9251708984375,440.6099853515625
2023-11-13,424.5201110839844,440.19000244140625
2023-11-14,432.75616455078125,448.7300109863281
2023-11-15,433.6722717285156,449.67999267578125
2023-11-16,434.20269775390625,450.2300109863281
2023-11-17,434.7427673339844,450.7900085449219
2023-11-20,438.0892639160156,454.260009765625
2023-11-21,437.1345520019531,453.2699890136719
2023-11-22,438.8221740722656,455.0199890136719
2023-11-24,439.0921936035156,455.29998779296875
2023-11-27,438.30145263671875,454.4800109863281
2023-11-28,438.73541259765625,454.92999267578125
2023-11-29,438.4267883300781,454.6099853515625
2023-11-30,440.153076171875,456.3999938964844
2023-12-01,442.7569885253906,459.1000061035156
2023-12-04,440.4327392578125,456.69000244140625
2023-12-05,440.345947265625,456.6000061035156
2023-12-06,438.5714416503906,454.760009765625
2023-12-07,441.9179382324219,458.2300109863281
2023-12-08,443.8177795410156,460.20001220703125
2023-12-11,445.5440673828125,461.989990234375
2023-12-12,447.5789794921875,464.1000061035156
2023-12-13,453.7511291503906,470.5
2023-12-14,455.2074279785156,472.010009765625
2023-12-15,454.45794677734375,469.3299865722656
2023-12-18,457.0143127441406,471.9700012207031
2023-12-19,459.7933044433594,474.8399963378906
2023-12-20,453.4218444824219,468.260009765625
2023-12-21,457.72119140625,472.70001220703125
2023-12-22,458.6410217285156,473.6499938964844
2023-12-26,460.57763671875,475.6499938964844
2023-12-27,461.4104309082031,476.510009765625
2023-12-28,461.584716796875,476.69000244140625
2023-12-29,460.2483825683594,475.30999755859375
2024-01-02,457.6726989746094,472.6499938964844
2024-01-03,453.9350280761719,468.7900085449219
2024-01-04,452.472900390625,467.2799987792969
2024-01-05,453.0926513671875,467.9200134277344
2024-01-08,459.56097412109375,474.6000061035156
2024-01-09,458.86376953125,473.8800048828125
2024-01-10,461.4587707519531,476.55999755859375
2024-01-11,461.2554626464844,476.3500061035156
2024-01-12,461.5749816894531,476.67999267578125
2024-01-16,459.88043212890625,474.92999267578125
2024-01-17,457.3241271972656,472.2900085449219
2024-01-18,461.3910217285156,476.489990234375
2024-01-19,467.1427917480469,482.42999267578125
2024-01-22,468.13055419921875,483.45001220703125
2024-01-23,469.49578857421875,484.8599853515625
2024-01-24,470.009033203125,485.3900146484375
2024-01-25,472.56536865234375,488.0299987792969
2024-01-26,471.96502685546875,487.4100036621094
2024-01-29,475.7026672363281,491.2699890136719
2024-01-30,475.3347473144531,490.8900146484375
2024-01-31,467.5785827636719,482.8800048828125
2024-02-01,473.69830322265625,489.20001220703125
2024-02-02,478.68505859375,494.3500061035156
2024-02-05,476.9421081542969,492.54998779296875
2024-02-06,478.32684326171875,493.9800109863281
2024-02-07,482.3162841796875,498.1000061035156
2024-02-08,482.5293273925781,498.32000732421875
2024-02-09,485.3180847167969,501.20001220703125
2024-02-12,485.1050109863281,500.9800109863281
2024-02-13,478.4236145019531,494.0799865722656
2024-02-14,482.7713928222656,498.57000732421875
2024-02-15,486.1024169921875,502.010009765625
2024-02-16,483.6816101074219,499.510009765625
2024-02-20,481.0187683105469,496.760009765625
2024-02-21,481.4544372558594,497.2099914550781
2024-02-22,491.41839599609375,507.5
2024-02-23,491.75732421875,507.8500061035156
2024-02-26,489.9562072753906,505.989990234375
2024-02-27,490.866455078125,506.92999267578125
2024-02-28,490.21771240234375,506.260009765625
2024-02-29,491.9799499511719,508.0799865722656
2024-03-01,496.5988464355469,512.8499755859375
2024-03-04,496.0662536621094,512.2999877929688
2024-03-05,491.1085205078125,507.17999267578125
2024-03-06,493.5970764160156,509.75
2024-03-07,498.49676513671875,514.8099975585938
2024-03-08,495.50469970703125,511.7200012207031
2024-03-11,495.07861328125,511.2799987792969
2024-03-12,500.4043884277344,516.780029296875
2024-03-13,499.6199951171875,515.969970703125
2024-03-14,498.6323547363281,514.9500122070312
2024-03-15,495.20843505859375,509.8299865722656
2024-03-18,498.15155029296875,512.8599853515625
2024-03-19,500.91986083984375,515.7100219726562
2024-03-20,505.5529479980469,520.47998046875
2024-03-21,507.2236328125,522.2000122070312
2024-03-22,506.2620849609375,521.2100219726562
2024-03-25,504.86334228515625,519.77001953125
2024-03-26,503.93084716796875,518.8099975585938
2024-03-27,508.16583251953125,523.1699829101562
2024-03-28,508.0686950683594,523.0700073242188
2024-04-01,507.18475341796875,522.1599731445312
2024-04-02,503.96014404296875,518.8400268554688
2024-04-03,504.5136413574219,519.4099731445312
2024-04-04,498.3554992675781,513.0700073242188
2024-04-05,503.561767578125,518.4299926757812
2024-04-08,503.8433837890625,518.719970703125
2024-04-09,504.4263000488281,519.3200073242188
2024-04-10,499.3753967285156,514.1199951171875
2024-04-11,503.1440734863281,518.0
2024-04-12,496.19915771484375,510.8500061035156
2024-04-15,489.98272705078125,504.45001220703125
2024-04-16,489.089111328125,503.5299987792969
2024-04-17,486.19451904296875,500.54998779296875
2024-04-18,485.1941223144531,499.5199890136719
2024-04-19,480.9591369628906,495.1600036621094
2024-04-22,485.38836669921875,499.7200012207031
2024-04-23,491.1482238769531,505.6499938964844
2024-04-24,490.9151611328125,505.4100036621094
2024-04-25,489.05029296875,503.489990234375
2024-04-26,493.6834716796875,508.260009765625
2024-04-29,495.43182373046875,510.05999755859375
2024-04-30,487.5835876464844,501.9800109863281
2024-05-01,486.00030517578125,500.3500061035156
2024-05-02,490.5461120605469,505.0299987792969
2024-05-03,496.62652587890625,511.2900085449219
2024-05-06,501.7551574707031,516.5700073242188
2024-05-07,502.3088073730469,517.1400146484375
2024-05-08,502.3572692871094,517.1900024414062
2024-05-09,505.2518615722656,520.1699829101562
2024-05-10,505.9027404785156,520.8400268554688
2024-05-13,505.9706115722656,520.9099731445312
2024-05-14,508.29205322265625,523.2999877929688
2024-05-15,514.5862426757812,529.780029296875
2024-05-16,513.5275268554688,528.6900024414062
2024-05-17,514.2658081054688,529.4500122070312
2024-05-20,514.8582763671875,530.0599975585938
2024-05-21,516.1209106445312,531.3599853515625
2024-05-22,514.634765625,529.8300170898438
2024-05-23,510.8758544921875,525.9600219726562
2024-05-24,514.2560424804688,529.4400024414062
2024-05-28,514.6154174804688,529.8099975585938
2024-05-29,511.0118103027344,526.0999755859375
2024-05-30,507.6219177246094,522.6099853515625
2024-05-31,512.2454223632812,527.3699951171875
2024-06-03,512.6630249023438,527.7999877929688
2024-06-04,513.2361450195312,528.3900146484375
2024-06-05,519.3359985351562,534.6699829101562
2024-06-06,519.3262939453125,534.6599731445312
2024-06-07,518.6950073242188,534.010009765625
2024-06-10,520.2976684570312,535.6599731445312
2024-06-11,521.5506591796875,536.9500122070312
2024-06-12,525.8341674804688,541.3599853515625
2024-06-13,526.8929443359375,542.4500122070312
2024-06-14,527.2135009765625,542.780029296875
2024-06-17,531.4096069335938,547.0999755859375
2024-06-18,532.7596435546875,548.489990234375
2024-06-20,531.3124389648438,547.0
2024-06-21,530.6002197265625,544.510009765625
2024-06-24,528.8753662109375,542.739990234375
2024-06-25,530.9119262695312,544.8300170898438
2024-06-26,531.5745849609375,545.510009765625
2024-06-27,532.41259765625,546.3699951171875
2024-06-28,530.317626953125,544.219970703125
2024-07-01,531.408935546875,545.3400268554688
2024-07-02,534.9852294921875,549.010009765625
2024-07-03,537.37255859375,551.4600219726562
2024-07-05,540.4713745117188,554.6400146484375
2024-07-08,541.0950317382812,555.280029296875
2024-07-09,541.6211547851562,555.8200073242188
2024-07-10,546.9807739257812,561.3200073242188
2024-07-11,542.2643432617188,556.47998046875
2024-07-12,545.6846923828125,559.989990234375
2024-07-15,547.1854248046875,561.530029296875
2024-07-16,550.43017578125,564.8599853515625
2024-07-17,542.7125854492188,556.9400024414062
2024-07-18,538.541748046875,552.6599731445312
2024-07-19,534.9656372070312,548.989990234375
2024-07-22,540.4810791015625,554.6500244140625
2024-07-23,539.6331787109375,553.780029296875
2024-07-24,527.4038696289062,541.22998046875
2024-07-25,524.6558227539062,538.4099731445312
2024-07-26,530.5319213867188,544.4400024414062
2024-07-29,530.8436889648438,544.760009765625
2024-07-30,528.1541137695312,542.0
2024-07-31,536.7391967773438,550.8099975585938
2024-08-01,529.1385498046875,543.010009765625
2024-08-02,519.2866821289062,532.9000244140625
2024-08-05,504.1632080078125,517.3800048828125
2024-08-06,508.8113708496094,522.1500244140625
2024-08-07,505.41046142578125,518.6599731445312
2024-08-08,517.0941162109375,530.6500244140625
2024-08-09,519.3744506835938,532.989990234375
2024-08-12,519.6472778320312,533.27001953125
2024-08-13,528.1931762695312,542.0399780273438
2024-08-14,529.8595581054688,543.75
2024-08-15,538.9415893554688,553.0700073242188
2024-08-16,540.149658203125,554.3099975585938
2024-08-19,545.3143920898438,559.6099853515625
2024-08-20,544.4276123046875,558.7000122070312
2024-08-21,546.298583984375,560.6199951171875
2024-08-22,542.0109252929688,556.219970703125
2024-08-23,547.7699584960938,562.1300048828125
2024-08-26,546.4641723632812,560.7899780273438
2024-08-27,547.2145385742188,561.5599975585938
2024-08-28,544.037841796875,558.2999877929688
2024-08-29,544.0865478515625,558.3499755859375
2024-08-30,549.2803344726562,563.6799926757812
2024-09-03,537.9767456054688,552.0800170898438
2024-09-04,536.8755493164062,550.9500122070312
2024-09-05,535.5697021484375,549.6099853515625
2024-09-06,526.55615234375,540.3599853515625
2024-09-09,532.4515380859375,546.4099731445312
2024-09-10,534.7706909179688,548.7899780273438
2024-09-11,540.2568359375,554.4199829101562
2024-09-12,544.8076782226562,559.0900268554688
2024-09-13,547.653076171875,562.010009765625
2024-09-16,548.4619750976562,562.8400268554688
2024-09-17,548.6859130859375,563.0700073242188
2024-09-18,547.0587158203125,561.4000244140625
2024-09-19,556.3939208984375,570.97998046875
2024-09-20,555.4320068359375,568.25
2024-09-23,556.8201293945312,569.6699829101562
2024-09-24,558.4132690429688,571.2999877929688
2024-09-25,557.1817016601562,570.0399780273438
2024-09-26,559.3906860351562,572.2999877929688
2024-09-27,558.5794677734375,571.469970703125
2024-09-30,560.8177490234375,573.760009765625
2024-10-01,555.793701171875,568.6199951171875
2024-10-02,556.0282592773438,568.8599853515625
2024-10-03,555.0117797851562,567.8200073242188
2024-10-04,560.0554809570312,572.97998046875
2024-10-07,554.9921875,567.7999877929688
2024-10-08,560.2410888671875,573.1699829101562
2024-10-09,564.12158203125,577.1400146484375
2024-10-10,563.1343383789062,576.1300048828125
2024-10-11,566.5065307617188,579.5800170898438
2024-10-14,571.1396484375,584.3200073242188
2024-10-15,566.7020263671875,579.780029296875
2024-10-16,569.1652221679688,582.2999877929688
2024-10-17,569.2140502929688,582.3499755859375
2024-10-18,571.4036254882812,584.5900268554688
2024-10-21,570.4652099609375,583.6300048828125
2024-10-22,570.1622314453125,583.3200073242188
2024-10-23,564.9523315429688,577.989990234375
2024-10-24,566.1741333007812,579.239990234375
2024-10-25,565.9785766601562,579.0399780273438
2024-10-28,567.7283325195312,580.8300170898438
2024-10-29,568.6471557617188,581.77001953125
2024-10-30,566.9268188476562,580.010009765625
2024-10-31,555.813232421875,568.6400146484375
2024-11-01,558.1591186523438,571.0399780273438
2024-11-04,556.9568481445312,569.8099975585938
2024-11-05,563.6914672851562,576.7000122070312
2024-11-06,577.7078857421875,591.0399780273438
2024-11-07,582.1748657226562,595.6099853515625
2024-11-08,584.6968383789062,598.1900024414062
2024-11-11,585.2539672851562,598.760009765625
2024-11-12,583.4359130859375,596.9000244140625
2024-11-13,583.7192993164062,597.1900024414062
2024-11-14,579.9659423828125,593.3499755859375
2024-11-15,572.5374145507812,585.75
2024-11-18,574.8832397460938,588.1500244140625
2024-11-19,576.9847412109375,590.2999877929688
2024-11-20,577.1802368164062,590.5
2024-11-21,580.2786865234375,593.6699829101562
2024-11-22,582.0772094726562,595.510009765625
2024-11-25,584.0516967773438,597.530029296875
2024-11-26,587.101318359375,600.6500244140625
2024-11-27,585.3223266601562,598.8300170898438
2024-11-29,588.9583740234375,602.5499877929688
2024-12-02,590.013916015625,603.6300048828125
2024-12-03,590.2876586914062,603.9099731445312
2024-12-04,593.9530639648438,607.6599731445312
2024-12-05,592.9756469726562,606.6599731445312
2024-12-06,594.0997314453125,607.8099975585938
2024-12-09,591.0403442382812,604.6799926757812
2024-12-10,589.202880859375,602.7999877929688
2024-12-11,593.7576904296875,607.4600219726562
2024-12-12,590.6982421875,604.3300170898438
2024-12-13,590.5809326171875,604.2100219726562
2024-12-16,593.1028442382812,606.7899780273438
2024-12-17,590.6591796875,604.2899780273438
2024-12-18,573.0554809570312,586.280029296875
2024-12-19,572.8795166015625,586.0999755859375
2024-12-20,579.7603149414062,591.1500244140625
2024-12-23,583.2321166992188,594.6900024414062
2024-12-24,589.7147216796875,601.2999877929688
2024-12-26,589.75390625,601.3400268554688
2024-12-27,583.5459594726562,595.010009765625
2024-12-30,576.8866577148438,588.219970703125
2024-12-31,574.7880859375,586.0800170898438
2025-01-02,573.3756713867188,584.6400146484375
2025-01-03,580.5448608398438,591.9500122070312
2025-01-06,583.88916015625,595.3599853515625
2025-01-07,577.288818359375,588.6300048828125
2025-01-08,578.1322631835938,589.489990234375
2025-01-10,569.3056030273438,580.489990234375
2025-01-13,570.1883544921875,581.3900146484375
2025-01-14,570.9729614257812,582.1900024414062
2025-01-15,581.35888671875,592.780029296875
2025-01-16,580.2408447265625,591.6400146484375
2025-01-17,586.06640625,597.5800170898438
2025-01-21,591.4309692382812,603.0499877929688
2025-01-22,594.7557373046875,606.4400024414062
2025-01-23,598.0018920898438,609.75
2025-01-24,596.2562255859375,607.969970703125
2025-01-27,587.8218383789062,599.3699951171875
2025-01-28,592.8727416992188,604.52001953125
2025-01-29,590.2149047851562,601.8099975585938
2025-01-30,593.382568359375,605.0399780273438
2025-01-31,590.2247924804688,601.8200073242188
2025-02-03,586.2527465820312,597.77001953125
2025-02-04,590.1854858398438,601.780029296875
2025-02-05,592.5784301757812,604.219970703125
2025-02-06,594.6381225585938,606.3200073242188
2025-02-07,589.1949462890625,600.77001953125
2025-02-10,593.1962890625,604.8499755859375
2025-02-11,593.6473999023438,605.3099975585938
2025-02-12,591.7350463867188,603.3599853515625
2025-02-13,597.9822998046875,609.72998046875
2025-02-14,597.9528198242188,609.7000122070312
2025-02-18,599.7083129882812,611.489990234375
2025-02-19,601.1206665039062,612.9299926757812
2025-02-20,598.6196899414062,610.3800048828125
2025-02-21,588.3809204101562,599.9400024414062
2025-02-24,585.7035522460938,597.2100219726562
2025-02-25,582.7907104492188,594.239990234375
2025-02-26,583.0848999023438,594.5399780273438
2025-02-27,573.7777709960938,585.0499877929688
2025-02-28,582.73193359375,594.1799926757812
2025-03-03,572.5225219726562,583.77001953125
2025-03-04,565.7456665039062,576.8599853515625
2025-03-05,571.8260498046875,583.0599975585938
2025-03-06,561.6755981445312,572.7100219726562
2025-03-07,564.8236694335938,575.9199829101562
2025-03-10,549.779296875,560.5800170898438
2025-03-11,545.2090454101562,555.9199829101562
2025-03-12,548.1022338867188,558.8699951171875
2025-03-13,540.7957763671875,551.4199829101562
2025-03-14,551.9662475585938,562.8099975585938
2025-03-17,556.2227172851562,567.1500244140625
2025-03-18,550.2107543945312,561.02001953125
2025-03-19,556.2030639648438,567.1300048828125
2025-03-20,554.5947265625,565.489990234375
2025-03-21,554.777587890625,563.97998046875
2025-03-24,564.712890625,574.0800170898438
2025-03-25,566.0703125,575.4600219726562
2025-03-26,559.3124389648438,568.5900268554688
2025-03-27,557.8270874023438,567.0800170898438
2025-03-28,546.5933837890625,555.6599731445312
2025-03-31,550.2625732421875,559.3900146484375
2025-04-01,551.8167114257812,560.969970703125
2025-04-02,555.308837890625,564.52001953125
2025-04-03,527.9427490234375,536.7000122070312
2025-04-04,497.0354309082031,505.2799987792969
2025-04-07,496.150146484375,504.3800048828125
2025-04-08,488.3790283203125,496.4800109863281
2025-04-09,539.6682739257812,548.6199951171875
2025-04-10,516.0205078125,524.5800170898438
2025-04-11,525.227783203125,533.9400024414062
2025-04-14,530.3231811523438,539.1199951171875
2025-04-15,528.8378295898438,537.6099853515625
2025-04-16,517.0828857421875,525.6599731445312
2025-04-17,517.8206787109375,526.4099731445312
2025-04-21,505.4951477050781,513.8800048828125
2025-04-22,518.64697265625,527.25
2025-04-23,526.6836547851562,535.4199829101562
2025-04-24,537.769775390625,546.6900024414062
2025-04-25,541.6553344726562,550.6400146484375
2025-04-28,541.8618774414062,550.8499755859375
2025-04-29,545.2752685546875,554.3200073242188
2025-04-30,545.49169921875,554.5399780273438
2025-05-01,549.3575439453125,558.469970703125
2025-05-02,557.51220703125,566.760009765625
2025-05-05,554.3153076171875,563.510009765625
2025-05-06,549.68212890625,558.7999877929688
2025-05-07,551.9938354492188,561.1500244140625
2025-05-08,555.8399658203125,565.0599975585938
2025-05-09,555.1317749023438,564.3400268554688
2025-05-12,573.4775390625,582.989990234375
2025-05-13,577.2646484375,586.8400268554688
2025-05-14,578.0025024414062,587.5900268554688
2025-05-15,580.8255004882812,590.4600219726562
2025-05-16,584.5045776367188,594.2000122070312
2025-05-19,585.1439819335938,594.8499755859375
2025-05-20,583.1765747070312,592.8499755859375
2025-05-21,573.3495483398438,582.8599853515625
2025-05-22,573.5758056640625,583.0900268554688
2025-05-23,569.6607666015625,579.1099853515625
2025-05-27,581.5042724609375,591.1500244140625
2025-05-28,578.1400756835938,587.72998046875
2025-05-29,580.4223022460938,590.0499877929688
2025-05-30,579.7730102539062,589.3900146484375
2025-06-02,583.0388793945312,592.7100219726562
2025-06-03,586.36376953125,596.0900268554688
2025-06-04,586.2063598632812,595.9299926757812
2025-06-05,583.3733520507812,593.0499877929688
2025-06-06,589.3639526367188,599.1400146484375
2025-06-09,589.8950805664062,599.6799926757812
2025-06-10,593.2396850585938,603.0800170898438
2025-06-11,591.5477294921875,601.3599853515625
2025-06-12,593.8988037109375,603.75
2025-06-13,587.2589721679688,597.0
2025-06-16,592.84619140625,602.6799926757812
2025-06-17,587.7802124023438,597.530029296875
2025-06-18,587.6917114257812,597.4400024414062
2025-06-20,586.3114624023438,594.280029296875
2025-06-23,592.1027221679688,600.1500244140625
2025-06-24,598.6438598632812,606.780029296875
2025-06-25,598.9793090820312,607.1199951171875
2025-06-26,603.6655883789062,611.8699951171875
2025-06-27,606.664794921875,614.9099731445312
2025-06-30,609.5653686523438,617.8499755859375
2025-07-01,609.3681030273438,617.6500244140625
2025-07-02,612.130615234375,620.4500122070312
2025-07-03,616.9550170898438,625.3400268554688
2025-07-07,612.3574829101562,620.6799926757812
2025-07-08,612.0220336914062,620.3400268554688
2025-07-09,615.692138671875,624.0599975585938
2025-07-10,617.4285278320312,625.8200073242188
2025-07-11,615.258056640625,623.6199951171875
2025-07-14,616.4320678710938,624.8099975585938
2025-07-15,613.7978515625,622.1400146484375
2025-07-16,615.8499755859375,624.219970703125
2025-07-17,619.6187133789062,628.0399780273438
2025-07-18,619.1649169921875,627.5800170898438
2025-07-21,620.3389282226562,628.77001953125
2025-07-22,620.427734375,628.8599853515625
2025-07-23,625.7060546875,634.2100219726562
2025-07-24,625.9132080078125,634.4199829101562
2025-07-25,628.5572509765625,637.0999755859375
2025-07-28,628.3994750976562,636.9400024414062
2025-07-29,626.7420043945312,635.260009765625
2025-07-30,625.9526977539062,634.4600219726562
2025-07-31,623.6045532226562,632.0800170898438
2025-08-01,613.3834838867188,621.719970703125
2025-08-04,622.7067260742188,631.1699829101562
2025-08-05,619.5496826171875,627.969970703125
2025-08-06,624.2952270507812,632.780029296875
2025-08-07,623.7722778320312,632.25
2025-08-08,628.6361694335938,637.1799926757812
2025-08-11,627.39306640625,635.9199829101562
2025-08-12,634.072265625,642.6900024414062
2025-08-13,636.2428588867188,644.8900146484375
2025-08-14,636.3019409179688,644.9500122070312
2025-08-15,634.812255859375,643.4400024414062
2025-08-18,634.6741333007812,643.2999877929688
2025-08-19,631.2308959960938,639.8099975585938
2025-08-20,629.5537109375,638.1099853515625
2025-08-21,627.028076171875,635.5499877929688
2025-08-22,636.6571655273438,645.3099975585938
2025-08-25,633.8552856445312,642.469970703125
2025-08-26,636.5092163085938,645.1599731445312
2025-08-27,637.95947265625,646.6300048828125
2025-08-28,640.2188110351562,648.9199829101562
2025-08-29,636.400634765625,645.0499877929688
2025-09-02,631.684814453125,640.27001953125
2025-09-03,635.1082153320312,643.739990234375
2025-09-04,640.4161987304688,649.1199951171875
2025-09-05,638.561279296875,647.239990234375
2025-09-08,640.1300659179688,648.8300170898438
2025-09-09,641.60986328125,650.3300170898438
2025-09-10,643.4646606445312,652.2100219726562
2025-09-11,648.8119506835938,657.6300048828125
2025-09-12,648.5948486328125,657.4099731445312
2025-09-15,652.0480346679688,660.9099731445312
2025-09-16,651.150146484375,660.0
2025-09-17,650.3412475585938,659.1799926757812
2025-09-18,653.3798828125,662.260009765625
2025-09-19,656.6160278320312,663.7000122070312
2025-09-22,659.7225341796875,666.8400268554688
2025-09-23,656.1312866210938,663.2100219726562
2025-09-24,654.0436401367188,661.0999755859375
2025-09-25,651.0263061523438,658.0499877929688
2025-09-26,654.756103515625,661.8200073242188
2025-09-29,656.5962524414062,663.6799926757812
2025-09-30,659.0694580078125,666.1799926757812
2025-10-01,661.3153686523438,668.4500122070312
2025-10-02,662.0769653320312,669.219970703125
2025-10-03,662.0672607421875,669.2100219726562
2025-10-06,664.4415893554688,671.6099853515625
2025-10-07,661.9781494140625,669.1199951171875
2025-10-08,665.925537109375,673.1099853515625
2025-10-09,663.996337890625,671.1599731445312
2025-10-10,646.0499877929688,653.02001953125
2025-10-13,655.9629516601562,663.0399780273438
2025-10-14,655.16162109375,662.22998046875
2025-10-15,658.0702514648438,665.1699829101562
2025-10-16,653.5887451171875,660.6400146484375
2025-10-17,657.2986450195312,664.3900146484375
2025-10-20,664.1348876953125,671.2999877929688
2025-10-21,664.1249389648438,671.2899780273438
2025-10-22,660.6722412109375,667.7999877929688
2025-10-23,664.5899658203125,671.760009765625
2025-10-24,670.0213623046875,677.25
2025-10-27,677.926025390625,685.239990234375
2025-10-28,679.7266235351562,687.0599975585938
2025-10-29,680.0531616210938,687.3900146484375
2025-10-30,672.5737915039062,679.8300170898438
2025-10-31,674.780029296875,682.0599975585938
2025-11-03,676.04638671875,683.3400268554688
2025-11-04,668.0328369140625,675.239990234375
2025-11-05,670.3478393554688,677.5800170898438
2025-11-06,663.1554565429688,670.3099975585938
2025-11-07,663.808349609375,670.969970703125
2025-11-10,674.1666870117188,681.4400024414062
2025-11-11,675.7100219726562,683.0
2025-11-12,676.0859375,683.3800048828125
2025-11-13,664.866943359375,672.0399780273438
2025-11-14,664.7581787109375,671.9299926757812
2025-11-17,658.5650024414062,665.6699829101562
2025-11-18,653.03466796875,660.0800170898438
2025-11-19,655.5574951171875,662.6300048828125
2025-11-20,645.5652465820312,652.530029296875
2025-11-21,651.995849609375,659.030029296875
2025-11-24,661.59228515625,668.72998046875
2025-11-25,667.815185546875,675.02001953125
2025-11-26,672.4254760742188,679.6799926757812
2025-11-28,676.0958251953125,683.3900146484375
2025-12-01,673.0091552734375,680.27001953125
2025-12-02,674.2556762695312,681.530029296875
2025-12-03,676.5905151367188,683.8900146484375
2025-12-04,677.085205078125,684.3900146484375
2025-12-05,678.3712768554688,685.6900024414062
2025-12-08,676.3333129882812,683.6300048828125
2025-12-09,675.74951171875,683.0399780273438
2025-12-10,680.2312622070312,687.5700073242188
2025-12-11,681.8140869140625,689.1699829101562
2025-12-12,674.4832763671875,681.760009765625
2025-12-15,673.4642333984375,680.72998046875
2025-12-16,671.6240844726562,678.8699951171875
2025-12-17,664.2337646484375,671.4000244140625
2025-12-18,669.2496337890625,676.469970703125
2025-12-19,675.3153686523438,680.5900268554688
2025-12-22,679.5224609375,684.8300170898438
2025-12-23,682.6282348632812,687.9600219726562
2025-12-24,685.0294799804688,690.3800048828125
2025-12-26,684.9599609375,690.3099975585938
2025-12-29,682.51904296875,687.8499755859375
2025-12-30,681.685546875,687.010009765625
2025-12-31,676.635009765625,681.9199829101562
